المحافظة,القطاع,رأس_المال_المطلوب_بالألف,مؤشر_المخاطرة,القرار_الاستثماري
الحسكة,تصنيع غذائي,99.4,0.19,فرصة واعدة
طرطوس,تصنيع غذائي,237.2,0.19,فرصة واعدة
اللاذقية,طاقة متجددة,513.4,0.38,فرصة واعدة
القنيطرة,تجارة إلكترونية,35.3,0.33,فرصة واعدة
ريف دمشق,زراعة حديثة,38.6,0.25,استثمار متوسط
حمص,صناعة هندسية,892.0,0.53,فرصة واعدة
حماة,طاقة متجددة,401.0,0.58,فرصة واعدة
السويداء,تجارة إلكترونية,10.6,0.27,مخاطرة عالية
القنيطرة,طاقة متجددة,517.0,0.14,فرصة واعدة
إدلب,طاقة متجددة,319.6,0.28,فرصة واعدة
دمشق,تصنيع غذائي,65.4,0.61,مخاطرة عالية
القنيطرة,زراعة حديثة,93.2,0.37,فرصة واعدة
حماة,خدمات تقنية,10.0,0.51,استثمار متوسط
اللاذقية,طاقة متجددة,365.3,0.63,فرصة واعدة
السويداء,زراعة حديثة,69.2,0.59,استثمار متوسط
السويداء,زراعة حديثة,67.3,0.49,فرصة واعدة
حماة,تجارة إلكترونية,19.2,0.31,فرصة واعدة
حلب,زراعة حديثة,48.4,0.45,مخاطرة عالية
حماة,تصنيع غذائي,187.7,0.15,فرصة واعدة
دمشق,طاقة متجددة,243.6,0.45,استثمار متوسط
إدلب,صناعة هندسية,603.3,0.23,فرصة واعدة
دمشق,تجارة إلكترونية,11.7,0.52,مخاطرة عالية
الرقة,صناعة هندسية,1141.1,0.26,فرصة واعدة
درعا,تصنيع غذائي,74.6,0.15,استثمار متوسط
حماة,زراعة حديثة,100.6,0.23,فرصة واعدة
اللاذقية,صناعة هندسية,1091.9,0.21,فرصة واعدة
درعا,تجارة إلكترونية,8.0,0.57,مخاطرة عالية
دير الزور,صناعة هندسية,933.0,0.45,فرصة واعدة
الحسكة,تجارة إلكترونية,39.5,0.69,فرصة واعدة
دمشق,خدمات تقنية,12.2,0.67,استثمار متوسط
السويداء,تجارة إلكترونية,41.3,0.38,فرصة واعدة
حماة,صناعة هندسية,992.4,0.46,فرصة واعدة
ريف دمشق,طاقة متجددة,588.9,0.66,فرصة واعدة
إدلب,تصنيع غذائي,281.9,0.45,فرصة واعدة
القنيطرة,طاقة متجددة,211.8,0.68,استثمار متوسط
حماة,تصنيع غذائي,87.3,0.1,استثمار متوسط
الرقة,طاقة متجددة,541.4,0.21,فرصة واعدة
السويداء,زراعة حديثة,141.3,0.38,فرصة واعدة
حمص,طاقة متجددة,320.2,0.68,فرصة واعدة
دمشق,تجارة إلكترونية,13.9,0.25,مخاطرة عالية
حمص,زراعة حديثة,27.4,0.37,مخاطرة عالية
دمشق,خدمات تقنية,20.8,0.26,فرصة واعدة
دير الزور,صناعة هندسية,875.8,0.68,فرصة واعدة
حلب,صناعة هندسية,1145.8,0.17,فرصة واعدة
الحسكة,صناعة هندسية,818.1,0.23,فرصة واعدة
حمص,تصنيع غذائي,81.1,0.65,مخاطرة عالية
الرقة,تجارة إلكترونية,9.8,0.3,مخاطرة عالية
إدلب,صناعة هندسية,190.9,0.22,مخاطرة عالية
درعا,زراعة حديثة,94.1,0.23,فرصة واعدة
ريف دمشق,تجارة إلكترونية,39.5,0.22,فرصة واعدة
ريف دمشق,طاقة متجددة,147.7,0.24,استثمار متوسط
السويداء,خدمات تقنية,12.7,0.64,استثمار متوسط
القنيطرة,طاقة متجددة,129.2,0.59,مخاطرة عالية
طرطوس,صناعة هندسية,493.0,0.23,فرصة واعدة
حماة,تجارة إلكترونية,16.9,0.3,استثمار متوسط
إدلب,صناعة هندسية,1111.3,0.25,فرصة واعدة
الرقة,خدمات تقنية,15.8,0.45,فرصة واعدة
إدلب,طاقة متجددة,203.4,0.36,استثمار متوسط
إدلب,تصنيع غذائي,75.4,0.37,استثمار متوسط
طرطوس,طاقة متجددة,503.9,0.4,فرصة واعدة
الحسكة,تصنيع غذائي,114.3,0.5,استثمار متوسط
الرقة,خدمات تقنية,29.7,0.59,فرصة واعدة
الرقة,خدمات تقنية,23.4,0.6,فرصة واعدة
إدلب,خدمات تقنية,14.5,0.47,فرصة واعدة
دمشق,تجارة إلكترونية,41.1,0.17,فرصة واعدة
السويداء,طاقة متجددة,415.4,0.36,فرصة واعدة
درعا,طاقة متجددة,103.8,0.54,مخاطرة عالية
السويداء,زراعة حديثة,68.2,0.67,فرصة واعدة
حمص,صناعة هندسية,617.3,0.64,استثمار متوسط
حلب,طاقة متجددة,109.3,0.42,مخاطرة عالية
إدلب,صناعة هندسية,563.4,0.61,فرصة واعدة
إدلب,طاقة متجددة,496.2,0.12,فرصة واعدة
السويداء,خدمات تقنية,11.9,0.24,فرصة واعدة
الرقة,طاقة متجددة,316.6,0.69,فرصة واعدة
حلب,خدمات تقنية,14.9,0.36,استثمار متوسط
السويداء,خدمات تقنية,10.1,0.6,استثمار متوسط
القنيطرة,تصنيع غذائي,75.4,0.45,مخاطرة عالية
إدلب,صناعة هندسية,283.5,0.47,استثمار متوسط
إدلب,صناعة هندسية,629.3,0.46,فرصة واعدة
الحسكة,تجارة إلكترونية,17.5,0.69,استثمار متوسط
حمص,تجارة إلكترونية,18.1,0.3,فرصة واعدة
حلب,تجارة إلكترونية,41.0,0.24,فرصة واعدة
درعا,تجارة إلكترونية,22.3,0.32,فرصة واعدة
دمشق,تصنيع غذائي,201.8,0.32,فرصة واعدة
دير الزور,خدمات تقنية,13.1,0.64,استثمار متوسط
حماة,طاقة متجددة,417.1,0.28,فرصة واعدة
الرقة,زراعة حديثة,39.6,0.23,استثمار متوسط
دمشق,خدمات تقنية,26.7,0.41,فرصة واعدة
السويداء,تصنيع غذائي,200.8,0.12,فرصة واعدة
الحسكة,خدمات تقنية,14.4,0.22,فرصة واعدة
القنيطرة,تجارة إلكترونية,31.4,0.29,فرصة واعدة
السويداء,خدمات تقنية,20.6,0.19,فرصة واعدة
دير الزور,تجارة إلكترونية,21.4,0.28,فرصة واعدة
حماة,تجارة إلكترونية,14.2,0.36,استثمار متوسط
حلب,خدمات تقنية,4.9,0.66,مخاطرة عالية
دمشق,تصنيع غذائي,224.6,0.21,فرصة واعدة
ريف دمشق,زراعة حديثة,56.3,0.47,استثمار متوسط
السويداء,خدمات تقنية,23.7,0.41,فرصة واعدة
حلب,زراعة حديثة,90.5,0.42,فرصة واعدة
إدلب,تصنيع غذائي,118.0,0.62,استثمار متوسط
السويداء,تصنيع غذائي,168.2,0.11,فرصة واعدة
دمشق,تصنيع غذائي,157.4,0.48,استثمار متوسط
إدلب,صناعة هندسية,1138.7,0.58,فرصة واعدة
درعا,زراعة حديثة,119.2,0.62,فرصة واعدة
ريف دمشق,زراعة حديثة,36.5,0.48,مخاطرة عالية
طرطوس,زراعة حديثة,62.8,0.14,فرصة واعدة
إدلب,خدمات تقنية,5.8,0.58,مخاطرة عالية
اللاذقية,زراعة حديثة,146.8,0.5,فرصة واعدة
دمشق,تجارة إلكترونية,39.1,0.44,فرصة واعدة
القنيطرة,تصنيع غذائي,210.3,0.32,فرصة واعدة
حماة,تجارة إلكترونية,10.1,0.67,مخاطرة عالية
إدلب,طاقة متجددة,545.6,0.45,فرصة واعدة
الحسكة,تصنيع غذائي,152.9,0.2,فرصة واعدة
حمص,طاقة متجددة,531.6,0.45,فرصة واعدة
حماة,طاقة متجددة,385.9,0.55,فرصة واعدة
حلب,زراعة حديثة,106.5,0.25,فرصة واعدة
السويداء,تجارة إلكترونية,12.9,0.12,استثمار متوسط
الحسكة,صناعة هندسية,610.8,0.11,فرصة واعدة
الرقة,زراعة حديثة,87.4,0.31,فرصة واعدة
الحسكة,زراعة حديثة,71.6,0.69,فرصة واعدة
ريف دمشق,خدمات تقنية,8.6,0.53,مخاطرة عالية
طرطوس,خدمات تقنية,28.1,0.41,فرصة واعدة
طرطوس,تصنيع غذائي,292.7,0.47,فرصة واعدة
دمشق,زراعة حديثة,42.9,0.55,مخاطرة عالية
الحسكة,صناعة هندسية,1189.3,0.28,فرصة واعدة
إدلب,خدمات تقنية,8.5,0.3,استثمار متوسط
حمص,طاقة متجددة,428.0,0.26,فرصة واعدة
القنيطرة,طاقة متجددة,229.4,0.14,فرصة واعدة
دير الزور,صناعة هندسية,868.4,0.51,فرصة واعدة
حماة,تصنيع غذائي,296.6,0.4,فرصة واعدة
حمص,طاقة متجددة,447.2,0.43,فرصة واعدة
دمشق,تجارة إلكترونية,42.4,0.7,فرصة واعدة
إدلب,صناعة هندسية,367.3,0.15,استثمار متوسط
درعا,طاقة متجددة,549.2,0.52,فرصة واعدة
الرقة,خدمات تقنية,23.3,0.36,فرصة واعدة
درعا,طاقة متجددة,307.3,0.33,فرصة واعدة
درعا,خدمات تقنية,18.4,0.57,فرصة واعدة
السويداء,طاقة متجددة,515.3,0.35,فرصة واعدة
دير الزور,تجارة إلكترونية,11.8,0.38,استثمار متوسط
حمص,طاقة متجددة,125.6,0.41,مخاطرة عالية
حلب,تصنيع غذائي,264.8,0.3,فرصة واعدة
درعا,تجارة إلكترونية,31.6,0.66,فرصة واعدة
حماة,تصنيع غذائي,232.5,0.32,فرصة واعدة
طرطوس,تجارة إلكترونية,40.8,0.61,فرصة واعدة
حماة,زراعة حديثة,94.0,0.43,فرصة واعدة
دير الزور,طاقة متجددة,153.3,0.66,مخاطرة عالية
اللاذقية,تصنيع غذائي,108.2,0.48,استثمار متوسط
إدلب,تجارة إلكترونية,43.1,0.12,فرصة واعدة
الحسكة,خدمات تقنية,28.8,0.12,فرصة واعدة
دير الزور,خدمات تقنية,8.9,0.2,استثمار متوسط
درعا,زراعة حديثة,113.1,0.54,فرصة واعدة
الرقة,زراعة حديثة,28.7,0.18,استثمار متوسط
القنيطرة,زراعة حديثة,136.8,0.15,فرصة واعدة
طرطوس,طاقة متجددة,275.0,0.5,استثمار متوسط
الحسكة,طاقة متجددة,182.8,0.47,استثمار متوسط
حمص,صناعة هندسية,420.6,0.69,مخاطرة عالية
الرقة,خدمات تقنية,27.5,0.37,فرصة واعدة
درعا,زراعة حديثة,28.9,0.55,مخاطرة عالية
درعا,صناعة هندسية,749.7,0.65,فرصة واعدة
إدلب,تجارة إلكترونية,15.7,0.52,استثمار متوسط
حماة,طاقة متجددة,549.3,0.59,فرصة واعدة
حماة,زراعة حديثة,61.5,0.56,استثمار متوسط
طرطوس,طاقة متجددة,436.3,0.14,فرصة واعدة
القنيطرة,تجارة إلكترونية,20.9,0.44,فرصة واعدة
الرقة,تصنيع غذائي,225.1,0.25,فرصة واعدة
اللاذقية,زراعة حديثة,98.5,0.63,فرصة واعدة
اللاذقية,صناعة هندسية,875.8,0.38,فرصة واعدة
اللاذقية,خدمات تقنية,28.1,0.66,فرصة واعدة
درعا,خدمات تقنية,12.5,0.61,استثمار متوسط
ريف دمشق,طاقة متجددة,433.8,0.49,فرصة واعدة
دمشق,زراعة حديثة,32.9,0.22,استثمار متوسط
طرطوس,تجارة إلكترونية,40.0,0.44,فرصة واعدة
دير الزور,طاقة متجددة,306.0,0.14,فرصة واعدة
دير الزور,تجارة إلكترونية,34.6,0.62,فرصة واعدة
ريف دمشق,خدمات تقنية,29.1,0.31,فرصة واعدة
إدلب,صناعة هندسية,559.0,0.61,فرصة واعدة
درعا,خدمات تقنية,15.0,0.29,فرصة واعدة
حماة,طاقة متجددة,434.5,0.3,فرصة واعدة
دمشق,خدمات تقنية,29.0,0.29,فرصة واعدة
القنيطرة,طاقة متجددة,575.2,0.11,فرصة واعدة
ريف دمشق,تجارة إلكترونية,29.6,0.69,فرصة واعدة
إدلب,زراعة حديثة,149.9,0.16,فرصة واعدة
درعا,صناعة هندسية,881.2,0.19,فرصة واعدة
السويداء,تصنيع غذائي,184.7,0.55,فرصة واعدة
دير الزور,تجارة إلكترونية,7.8,0.56,مخاطرة عالية
القنيطرة,تصنيع غذائي,130.0,0.47,استثمار متوسط
درعا,طاقة متجددة,111.6,0.43,مخاطرة عالية
إدلب,زراعة حديثة,86.3,0.36,فرصة واعدة
ريف دمشق,طاقة متجددة,503.0,0.23,فرصة واعدة
اللاذقية,طاقة متجددة,400.3,0.49,فرصة واعدة
حماة,تصنيع غذائي,42.2,0.7,مخاطرة عالية
حلب,طاقة متجددة,387.1,0.58,فرصة واعدة
حمص,صناعة هندسية,695.6,0.21,فرصة واعدة
طرطوس,خدمات تقنية,27.2,0.5,فرصة واعدة
دير الزور,صناعة هندسية,570.6,0.22,فرصة واعدة
طرطوس,تصنيع غذائي,72.4,0.22,مخاطرة عالية
حماة,خدمات تقنية,11.3,0.27,استثمار متوسط
السويداء,خدمات تقنية,17.3,0.61,فرصة واعدة
دمشق,زراعة حديثة,111.9,0.47,فرصة واعدة
دير الزور,طاقة متجددة,548.5,0.58,فرصة واعدة
دمشق,صناعة هندسية,1036.5,0.31,فرصة واعدة
إدلب,خدمات تقنية,20.8,0.3,فرصة واعدة
الحسكة,خدمات تقنية,18.5,0.19,فرصة واعدة
إدلب,زراعة حديثة,54.7,0.19,فرصة واعدة
حمص,طاقة متجددة,397.8,0.14,فرصة واعدة
درعا,زراعة حديثة,22.8,0.12,مخاطرة عالية
اللاذقية,زراعة حديثة,148.5,0.41,فرصة واعدة
ريف دمشق,طاقة متجددة,267.2,0.35,استثمار متوسط
اللاذقية,خدمات تقنية,5.4,0.2,مخاطرة عالية
حماة,تصنيع غذائي,294.1,0.31,فرصة واعدة
حماة,صناعة هندسية,1053.7,0.27,فرصة واعدة
طرطوس,صناعة هندسية,1116.0,0.49,فرصة واعدة
دمشق,خدمات تقنية,8.6,0.27,مخاطرة عالية
السويداء,طاقة متجددة,353.2,0.18,فرصة واعدة
درعا,تصنيع غذائي,40.2,0.66,مخاطرة عالية
حماة,زراعة حديثة,31.4,0.25,مخاطرة عالية
طرطوس,تصنيع غذائي,105.7,0.24,استثمار متوسط
حلب,تصنيع غذائي,142.6,0.38,فرصة واعدة
القنيطرة,تصنيع غذائي,74.9,0.21,استثمار متوسط
حمص,صناعة هندسية,397.7,0.6,مخاطرة عالية
القنيطرة,خدمات تقنية,16.6,0.15,فرصة واعدة
حماة,خدمات تقنية,6.4,0.35,مخاطرة عالية
الرقة,طاقة متجددة,489.2,0.33,فرصة واعدة
دير الزور,زراعة حديثة,90.9,0.29,فرصة واعدة
دير الزور,طاقة متجددة,329.7,0.69,فرصة واعدة
السويداء,زراعة حديثة,59.4,0.52,فرصة واعدة
اللاذقية,تصنيع غذائي,145.5,0.43,فرصة واعدة
الرقة,تجارة إلكترونية,19.3,0.67,استثمار متوسط
الرقة,صناعة هندسية,515.4,0.44,فرصة واعدة
اللاذقية,طاقة متجددة,212.7,0.6,استثمار متوسط
إدلب,خدمات تقنية,14.9,0.32,فرصة واعدة
الرقة,خدمات تقنية,16.9,0.5,فرصة واعدة
حماة,طاقة متجددة,196.7,0.34,استثمار متوسط
درعا,تجارة إلكترونية,33.6,0.45,فرصة واعدة
حماة,طاقة متجددة,369.2,0.44,فرصة واعدة
اللاذقية,زراعة حديثة,124.7,0.47,فرصة واعدة
إدلب,تجارة إلكترونية,32.8,0.28,فرصة واعدة
دمشق,تصنيع غذائي,234.0,0.15,فرصة واعدة
ريف دمشق,طاقة متجددة,476.0,0.39,فرصة واعدة
القنيطرة,تصنيع غذائي,196.3,0.15,فرصة واعدة
حمص,تصنيع غذائي,177.7,0.42,فرصة واعدة
دير الزور,خدمات تقنية,23.2,0.46,فرصة واعدة
القنيطرة,زراعة حديثة,74.3,0.54,فرصة واعدة
الحسكة,طاقة متجددة,259.9,0.35,استثمار متوسط
دير الزور,زراعة حديثة,96.1,0.68,فرصة واعدة
طرطوس,تصنيع غذائي,140.6,0.23,فرصة واعدة
حلب,خدمات تقنية,19.0,0.48,فرصة واعدة
طرطوس,تجارة إلكترونية,39.9,0.67,فرصة واعدة
الرقة,تجارة إلكترونية,6.3,0.65,مخاطرة عالية
ريف دمشق,طاقة متجددة,296.4,0.19,فرصة واعدة
القنيطرة,تجارة إلكترونية,34.0,0.26,فرصة واعدة
طرطوس,زراعة حديثة,32.0,0.6,مخاطرة عالية
دير الزور,زراعة حديثة,97.6,0.62,فرصة واعدة
ريف دمشق,زراعة حديثة,135.5,0.65,فرصة واعدة
درعا,زراعة حديثة,143.5,0.49,فرصة واعدة
درعا,صناعة هندسية,695.3,0.3,فرصة واعدة
حلب,زراعة حديثة,117.5,0.64,فرصة واعدة
اللاذقية,تجارة إلكترونية,11.1,0.5,مخاطرة عالية
حماة,خدمات تقنية,19.8,0.45,فرصة واعدة
اللاذقية,تجارة إلكترونية,8.1,0.19,استثمار متوسط
السويداء,تجارة إلكترونية,28.4,0.12,فرصة واعدة
ريف دمشق,زراعة حديثة,32.2,0.19,استثمار متوسط
ريف دمشق,زراعة حديثة,25.1,0.31,مخاطرة عالية
السويداء,طاقة متجددة,514.6,0.43,فرصة واعدة
اللاذقية,خدمات تقنية,19.8,0.35,فرصة واعدة
حماة,تجارة إلكترونية,9.7,0.27,مخاطرة عالية
القنيطرة,زراعة حديثة,65.8,0.22,فرصة واعدة
درعا,طاقة متجددة,588.6,0.56,فرصة واعدة
إدلب,خدمات تقنية,27.1,0.45,فرصة واعدة
إدلب,زراعة حديثة,86.1,0.16,فرصة واعدة
إدلب,زراعة حديثة,37.8,0.16,استثمار متوسط
ريف دمشق,تجارة إلكترونية,10.4,0.41,مخاطرة عالية
حمص,صناعة هندسية,520.1,0.38,فرصة واعدة
القنيطرة,زراعة حديثة,89.9,0.24,فرصة واعدة
ريف دمشق,طاقة متجددة,151.6,0.34,مخاطرة عالية
درعا,تجارة إلكترونية,38.9,0.27,فرصة واعدة
السويداء,صناعة هندسية,590.7,0.28,فرصة واعدة
الرقة,تجارة إلكترونية,19.4,0.46,استثمار متوسط
طرطوس,صناعة هندسية,971.2,0.32,فرصة واعدة
حلب,تصنيع غذائي,288.4,0.15,فرصة واعدة
السويداء,صناعة هندسية,438.0,0.47,استثمار متوسط
اللاذقية,زراعة حديثة,135.7,0.26,فرصة واعدة
الرقة,خدمات تقنية,10.6,0.26,استثمار متوسط
اللاذقية,زراعة حديثة,78.9,0.6,فرصة واعدة
إدلب,تصنيع غذائي,116.7,0.38,فرصة واعدة
اللاذقية,طاقة متجددة,176.0,0.63,مخاطرة عالية
الرقة,تصنيع غذائي,94.4,0.42,استثمار متوسط
دير الزور,صناعة هندسية,551.3,0.69,استثمار متوسط
السويداء,تجارة إلكترونية,33.0,0.65,فرصة واعدة
الحسكة,صناعة هندسية,698.1,0.61,فرصة واعدة
دير الزور,خدمات تقنية,11.8,0.5,فرصة واعدة
درعا,طاقة متجددة,346.2,0.32,فرصة واعدة
حماة,تجارة إلكترونية,34.5,0.14,فرصة واعدة
الحسكة,تصنيع غذائي,218.6,0.56,فرصة واعدة
الرقة,تصنيع غذائي,100.3,0.49,استثمار متوسط
الرقة,زراعة حديثة,29.1,0.13,مخاطرة عالية
دير الزور,صناعة هندسية,294.5,0.18,استثمار متوسط
اللاذقية,تصنيع غذائي,155.8,0.19,فرصة واعدة
حماة,صناعة هندسية,289.0,0.37,مخاطرة عالية
إدلب,خدمات تقنية,10.2,0.54,استثمار متوسط
دير الزور,تصنيع غذائي,268.8,0.49,فرصة واعدة
حلب,خدمات تقنية,24.0,0.45,فرصة واعدة
دير الزور,تصنيع غذائي,145.0,0.13,فرصة واعدة
طرطوس,تجارة إلكترونية,36.4,0.39,فرصة واعدة
ريف دمشق,صناعة هندسية,889.4,0.63,فرصة واعدة
السويداء,تصنيع غذائي,130.4,0.34,فرصة واعدة
ريف دمشق,خدمات تقنية,12.2,0.15,فرصة واعدة
دمشق,زراعة حديثة,49.5,0.16,استثمار متوسط
درعا,صناعة هندسية,172.0,0.27,مخاطرة عالية
ريف دمشق,طاقة متجددة,99.1,0.68,مخاطرة عالية
ريف دمشق,زراعة حديثة,69.9,0.65,استثمار متوسط
السويداء,زراعة حديثة,114.1,0.15,فرصة واعدة
طرطوس,زراعة حديثة,134.6,0.52,فرصة واعدة
الرقة,زراعة حديثة,55.8,0.17,استثمار متوسط
درعا,خدمات تقنية,10.5,0.12,فرصة واعدة
اللاذقية,زراعة حديثة,101.7,0.39,فرصة واعدة
ريف دمشق,خدمات تقنية,27.9,0.66,فرصة واعدة
طرطوس,زراعة حديثة,104.2,0.47,فرصة واعدة
دير الزور,تجارة إلكترونية,34.7,0.47,فرصة واعدة
السويداء,تجارة إلكترونية,31.2,0.65,فرصة واعدة
الحسكة,تصنيع غذائي,142.8,0.3,فرصة واعدة
ريف دمشق,طاقة متجددة,563.3,0.34,فرصة واعدة
حمص,خدمات تقنية,18.8,0.56,فرصة واعدة
درعا,تجارة إلكترونية,9.0,0.29,مخاطرة عالية
اللاذقية,طاقة متجددة,547.6,0.37,فرصة واعدة
الحسكة,صناعة هندسية,787.0,0.63,فرصة واعدة
درعا,طاقة متجددة,135.2,0.2,استثمار متوسط
طرطوس,زراعة حديثة,141.8,0.11,فرصة واعدة
درعا,زراعة حديثة,69.8,0.16,فرصة واعدة
درعا,خدمات تقنية,14.8,0.64,استثمار متوسط
حمص,زراعة حديثة,126.6,0.54,فرصة واعدة
السويداء,زراعة حديثة,141.7,0.5,فرصة واعدة
ريف دمشق,خدمات تقنية,17.1,0.4,فرصة واعدة
دير الزور,طاقة متجددة,109.5,0.31,مخاطرة عالية
درعا,خدمات تقنية,9.1,0.29,استثمار متوسط
الرقة,تصنيع غذائي,130.6,0.17,فرصة واعدة
الحسكة,زراعة حديثة,119.2,0.28,فرصة واعدة
طرطوس,تجارة إلكترونية,15.6,0.6,استثمار متوسط
حلب,طاقة متجددة,389.3,0.16,فرصة واعدة
دير الزور,خدمات تقنية,11.6,0.65,استثمار متوسط
طرطوس,طاقة متجددة,220.8,0.2,فرصة واعدة
ريف دمشق,طاقة متجددة,181.5,0.34,استثمار متوسط
طرطوس,تجارة إلكترونية,23.5,0.17,فرصة واعدة
السويداء,تجارة إلكترونية,9.8,0.26,استثمار متوسط
الحسكة,خدمات تقنية,20.6,0.49,فرصة واعدة
حماة,خدمات تقنية,27.4,0.68,فرصة واعدة
طرطوس,زراعة حديثة,62.3,0.25,استثمار متوسط
دمشق,خدمات تقنية,29.3,0.37,فرصة واعدة
ريف دمشق,تصنيع غذائي,188.9,0.66,فرصة واعدة
القنيطرة,خدمات تقنية,8.3,0.63,مخاطرة عالية
دير الزور,تصنيع غذائي,185.4,0.18,فرصة واعدة
الرقة,تجارة إلكترونية,23.5,0.12,فرصة واعدة
درعا,طاقة متجددة,555.9,0.66,فرصة واعدة
القنيطرة,تجارة إلكترونية,8.4,0.6,مخاطرة عالية
حماة,زراعة حديثة,145.2,0.7,فرصة واعدة
دير الزور,طاقة متجددة,227.2,0.16,فرصة واعدة
دمشق,طاقة متجددة,521.2,0.54,فرصة واعدة
دمشق,خدمات تقنية,23.8,0.54,فرصة واعدة
اللاذقية,صناعة هندسية,196.4,0.31,مخاطرة عالية
طرطوس,تصنيع غذائي,100.6,0.47,استثمار متوسط
دير الزور,صناعة هندسية,224.3,0.36,مخاطرة عالية
حماة,صناعة هندسية,776.2,0.14,فرصة واعدة
دمشق,خدمات تقنية,28.1,0.52,فرصة واعدة
السويداء,تصنيع غذائي,287.0,0.51,فرصة واعدة
دمشق,تجارة إلكترونية,15.7,0.58,مخاطرة عالية
اللاذقية,صناعة هندسية,746.9,0.13,فرصة واعدة
اللاذقية,طاقة متجددة,515.1,0.49,فرصة واعدة
دير الزور,طاقة متجددة,323.9,0.51,فرصة واعدة
حلب,تجارة إلكترونية,20.8,0.6,استثمار متوسط
ريف دمشق,تصنيع غذائي,84.7,0.67,مخاطرة عالية
السويداء,تصنيع غذائي,161.6,0.26,فرصة واعدة
القنيطرة,طاقة متجددة,148.2,0.35,مخاطرة عالية
القنيطرة,زراعة حديثة,44.3,0.29,استثمار متوسط
الرقة,تجارة إلكترونية,16.9,0.66,استثمار متوسط
حماة,طاقة متجددة,129.2,0.1,استثمار متوسط
حمص,صناعة هندسية,577.4,0.52,فرصة واعدة
درعا,صناعة هندسية,758.3,0.65,فرصة واعدة
درعا,خدمات تقنية,28.9,0.57,فرصة واعدة
السويداء,زراعة حديثة,107.5,0.51,فرصة واعدة
طرطوس,تصنيع غذائي,127.0,0.47,استثمار متوسط
طرطوس,طاقة متجددة,82.4,0.49,مخاطرة عالية
حلب,تصنيع غذائي,260.1,0.4,فرصة واعدة
حماة,تجارة إلكترونية,8.5,0.67,مخاطرة عالية
طرطوس,طاقة متجددة,375.2,0.13,فرصة واعدة
إدلب,تجارة إلكترونية,33.8,0.66,فرصة واعدة
الحسكة,زراعة حديثة,138.3,0.55,فرصة واعدة
إدلب,طاقة متجددة,273.4,0.61,فرصة واعدة
السويداء,طاقة متجددة,579.5,0.42,فرصة واعدة
الحسكة,تجارة إلكترونية,27.7,0.61,فرصة واعدة
طرطوس,زراعة حديثة,38.7,0.15,استثمار متوسط
دمشق,تجارة إلكترونية,42.8,0.56,فرصة واعدة
حمص,تجارة إلكترونية,18.2,0.14,فرصة واعدة
السويداء,طاقة متجددة,390.3,0.62,فرصة واعدة
القنيطرة,طاقة متجددة,582.1,0.18,فرصة واعدة
السويداء,طاقة متجددة,316.5,0.69,استثمار متوسط
حمص,تجارة إلكترونية,36.2,0.67,فرصة واعدة
درعا,تجارة إلكترونية,19.9,0.15,فرصة واعدة
دمشق,تجارة إلكترونية,10.7,0.53,مخاطرة عالية
القنيطرة,صناعة هندسية,802.8,0.44,فرصة واعدة
ريف دمشق,تجارة إلكترونية,38.2,0.69,فرصة واعدة
دمشق,طاقة متجددة,566.6,0.15,فرصة واعدة
درعا,صناعة هندسية,196.6,0.23,استثمار متوسط
درعا,تصنيع غذائي,62.4,0.51,مخاطرة عالية
حمص,خدمات تقنية,27.9,0.56,فرصة واعدة
اللاذقية,زراعة حديثة,57.5,0.41,فرصة واعدة
درعا,صناعة هندسية,578.1,0.7,فرصة واعدة
السويداء,خدمات تقنية,11.6,0.29,فرصة واعدة
حماة,تصنيع غذائي,43.1,0.12,مخاطرة عالية
ريف دمشق,زراعة حديثة,97.6,0.5,فرصة واعدة
حماة,تجارة إلكترونية,17.3,0.31,فرصة واعدة
حمص,طاقة متجددة,201.7,0.4,استثمار متوسط
السويداء,طاقة متجددة,240.5,0.25,استثمار متوسط
الحسكة,زراعة حديثة,58.6,0.47,فرصة واعدة
دير الزور,خدمات تقنية,29.3,0.48,فرصة واعدة
حمص,خدمات تقنية,27.9,0.67,فرصة واعدة
حماة,صناعة هندسية,531.9,0.53,استثمار متوسط
حمص,خدمات تقنية,9.0,0.66,مخاطرة عالية
حماة,تجارة إلكترونية,12.4,0.25,استثمار متوسط
الحسكة,صناعة هندسية,465.6,0.24,فرصة واعدة
درعا,زراعة حديثة,65.5,0.41,فرصة واعدة
حلب,طاقة متجددة,286.1,0.52,استثمار متوسط
إدلب,تجارة إلكترونية,29.5,0.58,فرصة واعدة
حماة,تصنيع غذائي,245.5,0.45,فرصة واعدة
حمص,زراعة حديثة,39.4,0.18,استثمار متوسط
القنيطرة,زراعة حديثة,80.1,0.32,فرصة واعدة
طرطوس,تصنيع غذائي,221.3,0.49,فرصة واعدة
ريف دمشق,تجارة إلكترونية,7.4,0.61,مخاطرة عالية
الحسكة,تجارة إلكترونية,43.8,0.63,فرصة واعدة
دمشق,تجارة إلكترونية,12.0,0.36,استثمار متوسط
حلب,طاقة متجددة,492.3,0.53,فرصة واعدة
طرطوس,تجارة إلكترونية,29.0,0.3,فرصة واعدة
حمص,تصنيع غذائي,152.5,0.26,فرصة واعدة
درعا,تجارة إلكترونية,44.2,0.58,فرصة واعدة
الحسكة,خدمات تقنية,6.1,0.2,استثمار متوسط
السويداء,خدمات تقنية,22.1,0.28,فرصة واعدة
الرقة,تجارة إلكترونية,16.5,0.41,استثمار متوسط
القنيطرة,خدمات تقنية,27.6,0.45,فرصة واعدة
الرقة,تجارة إلكترونية,43.7,0.25,فرصة واعدة
ريف دمشق,خدمات تقنية,12.5,0.56,استثمار متوسط
حلب,تصنيع غذائي,44.0,0.43,مخاطرة عالية
القنيطرة,تصنيع غذائي,166.4,0.64,فرصة واعدة
اللاذقية,صناعة هندسية,491.5,0.69,استثمار متوسط
القنيطرة,تصنيع غذائي,287.0,0.33,فرصة واعدة
ريف دمشق,صناعة هندسية,205.1,0.15,مخاطرة عالية
درعا,صناعة هندسية,819.3,0.42,فرصة واعدة
دمشق,طاقة متجددة,451.9,0.48,فرصة واعدة
الحسكة,تصنيع غذائي,170.7,0.11,فرصة واعدة
درعا,زراعة حديثة,124.5,0.12,فرصة واعدة
دير الزور,تصنيع غذائي,158.3,0.47,فرصة واعدة
الحسكة,خدمات تقنية,23.4,0.27,فرصة واعدة
طرطوس,صناعة هندسية,234.6,0.68,مخاطرة عالية
السويداء,تجارة إلكترونية,38.7,0.29,فرصة واعدة
طرطوس,زراعة حديثة,87.3,0.33,فرصة واعدة
حماة,صناعة هندسية,1048.1,0.24,فرصة واعدة
الحسكة,زراعة حديثة,145.6,0.36,فرصة واعدة
ريف دمشق,صناعة هندسية,170.4,0.29,مخاطرة عالية
الحسكة,طاقة متجددة,309.1,0.48,فرصة واعدة
طرطوس,خدمات تقنية,6.9,0.61,مخاطرة عالية
الحسكة,زراعة حديثة,31.9,0.16,مخاطرة عالية
حلب,تجارة إلكترونية,25.1,0.63,استثمار متوسط
القنيطرة,تصنيع غذائي,290.0,0.22,فرصة واعدة
ريف دمشق,طاقة متجددة,567.8,0.69,فرصة واعدة
ريف دمشق,تجارة إلكترونية,33.0,0.55,فرصة واعدة
دير الزور,خدمات تقنية,4.7,0.13,مخاطرة عالية
حلب,طاقة متجددة,365.0,0.68,استثمار متوسط
إدلب,طاقة متجددة,407.8,0.35,فرصة واعدة
السويداء,تصنيع غذائي,189.1,0.25,فرصة واعدة
دمشق,زراعة حديثة,128.9,0.58,فرصة واعدة
القنيطرة,صناعة هندسية,447.1,0.67,استثمار متوسط
السويداء,خدمات تقنية,21.0,0.34,فرصة واعدة
حلب,طاقة متجددة,157.1,0.25,استثمار متوسط
الرقة,طاقة متجددة,302.7,0.47,فرصة واعدة
اللاذقية,تصنيع غذائي,257.3,0.26,فرصة واعدة
حمص,طاقة متجددة,253.5,0.1,فرصة واعدة
اللاذقية,صناعة هندسية,1025.6,0.46,فرصة واعدة
طرطوس,زراعة حديثة,34.4,0.49,استثمار متوسط
الرقة,زراعة حديثة,90.0,0.56,فرصة واعدة
ريف دمشق,زراعة حديثة,57.8,0.21,استثمار متوسط
طرطوس,زراعة حديثة,40.1,0.41,مخاطرة عالية
ريف دمشق,صناعة هندسية,822.4,0.64,فرصة واعدة
الرقة,خدمات تقنية,5.6,0.53,مخاطرة عالية
الحسكة,خدمات تقنية,26.2,0.39,فرصة واعدة
حلب,صناعة هندسية,674.0,0.28,فرصة واعدة
ريف دمشق,صناعة هندسية,838.0,0.18,فرصة واعدة
دمشق,خدمات تقنية,15.2,0.33,فرصة واعدة
حلب,زراعة حديثة,94.8,0.46,فرصة واعدة
طرطوس,زراعة حديثة,63.3,0.26,فرصة واعدة
إدلب,زراعة حديثة,91.9,0.61,فرصة واعدة
اللاذقية,صناعة هندسية,175.8,0.5,مخاطرة عالية
الحسكة,صناعة هندسية,304.2,0.48,استثمار متوسط
دمشق,طاقة متجددة,568.1,0.49,فرصة واعدة
دمشق,خدمات تقنية,26.2,0.68,فرصة واعدة
دمشق,تصنيع غذائي,253.2,0.51,فرصة واعدة
دير الزور,تصنيع غذائي,171.2,0.65,فرصة واعدة
ريف دمشق,صناعة هندسية,265.0,0.14,استثمار متوسط
دمشق,طاقة متجددة,570.1,0.25,فرصة واعدة
إدلب,تجارة إلكترونية,40.7,0.49,فرصة واعدة
إدلب,طاقة متجددة,261.9,0.66,استثمار متوسط
درعا,تجارة إلكترونية,7.6,0.54,مخاطرة عالية
دير الزور,صناعة هندسية,982.8,0.36,فرصة واعدة
دمشق,خدمات تقنية,29.5,0.27,فرصة واعدة
درعا,تصنيع غذائي,146.0,0.29,فرصة واعدة
السويداء,تصنيع غذائي,241.6,0.18,فرصة واعدة
الحسكة,خدمات تقنية,24.5,0.43,فرصة واعدة
دير الزور,زراعة حديثة,148.7,0.24,فرصة واعدة
حلب,تصنيع غذائي,207.7,0.54,فرصة واعدة
ريف دمشق,خدمات تقنية,23.9,0.29,فرصة واعدة
السويداء,خدمات تقنية,14.7,0.51,فرصة واعدة
دير الزور,صناعة هندسية,386.0,0.15,فرصة واعدة
الحسكة,تجارة إلكترونية,30.6,0.16,فرصة واعدة
القنيطرة,زراعة حديثة,121.0,0.23,فرصة واعدة
دير الزور,زراعة حديثة,80.4,0.69,فرصة واعدة
ريف دمشق,خدمات تقنية,26.9,0.28,فرصة واعدة
حماة,تجارة إلكترونية,19.7,0.53,استثمار متوسط
دير الزور,تجارة إلكترونية,39.5,0.51,فرصة واعدة
درعا,زراعة حديثة,129.7,0.25,فرصة واعدة
ريف دمشق,زراعة حديثة,87.5,0.53,فرصة واعدة
الرقة,تصنيع غذائي,56.2,0.43,مخاطرة عالية
إدلب,زراعة حديثة,91.8,0.69,فرصة واعدة
القنيطرة,تجارة إلكترونية,41.8,0.53,فرصة واعدة
دمشق,صناعة هندسية,833.7,0.12,فرصة واعدة
حماة,تجارة إلكترونية,44.2,0.16,فرصة واعدة
حمص,صناعة هندسية,275.5,0.25,مخاطرة عالية
السويداء,تصنيع غذائي,285.6,0.6,فرصة واعدة
طرطوس,زراعة حديثة,47.9,0.46,استثمار متوسط
ريف دمشق,زراعة حديثة,32.8,0.5,مخاطرة عالية
درعا,خدمات تقنية,26.2,0.28,فرصة واعدة
حماة,تصنيع غذائي,132.8,0.23,فرصة واعدة
حماة,صناعة هندسية,811.7,0.54,فرصة واعدة
دمشق,خدمات تقنية,4.3,0.15,مخاطرة عالية
حلب,صناعة هندسية,1095.9,0.31,فرصة واعدة
اللاذقية,صناعة هندسية,874.4,0.39,فرصة واعدة
دير الزور,خدمات تقنية,4.3,0.58,مخاطرة عالية
الرقة,زراعة حديثة,46.2,0.23,استثمار متوسط
ريف دمشق,خدمات تقنية,14.5,0.33,فرصة واعدة
حلب,زراعة حديثة,139.1,0.21,فرصة واعدة
حلب,خدمات تقنية,24.6,0.25,فرصة واعدة
الحسكة,تصنيع غذائي,100.6,0.49,استثمار متوسط
حماة,خدمات تقنية,21.7,0.19,فرصة واعدة
حلب,تجارة إلكترونية,18.3,0.43,استثمار متوسط
حماة,خدمات تقنية,11.5,0.68,استثمار متوسط
الحسكة,تصنيع غذائي,296.7,0.27,فرصة واعدة
دير الزور,صناعة هندسية,1040.8,0.36,فرصة واعدة
دمشق,خدمات تقنية,13.9,0.59,استثمار متوسط
دمشق,خدمات تقنية,12.5,0.3,استثمار متوسط
اللاذقية,طاقة متجددة,426.8,0.23,فرصة واعدة
السويداء,طاقة متجددة,144.7,0.49,مخاطرة عالية
ريف دمشق,تصنيع غذائي,228.6,0.6,فرصة واعدة
حمص,زراعة حديثة,127.9,0.32,فرصة واعدة
الرقة,خدمات تقنية,7.2,0.68,مخاطرة عالية
حلب,صناعة هندسية,921.7,0.21,فرصة واعدة
ريف دمشق,صناعة هندسية,233.5,0.38,مخاطرة عالية
الحسكة,تصنيع غذائي,111.5,0.67,استثمار متوسط
حمص,خدمات تقنية,29.7,0.56,فرصة واعدة
دمشق,تجارة إلكترونية,18.5,0.13,استثمار متوسط
اللاذقية,صناعة هندسية,403.9,0.57,استثمار متوسط
درعا,زراعة حديثة,37.9,0.58,مخاطرة عالية
السويداء,تجارة إلكترونية,32.0,0.49,فرصة واعدة
دمشق,زراعة حديثة,68.2,0.53,استثمار متوسط
دير الزور,زراعة حديثة,107.3,0.6,فرصة واعدة
القنيطرة,زراعة حديثة,22.4,0.69,مخاطرة عالية
دمشق,تصنيع غذائي,251.4,0.55,فرصة واعدة
حمص,صناعة هندسية,848.5,0.12,فرصة واعدة
الرقة,صناعة هندسية,932.0,0.28,فرصة واعدة
دمشق,زراعة حديثة,111.4,0.69,فرصة واعدة
حمص,تصنيع غذائي,145.0,0.64,فرصة واعدة
دمشق,تجارة إلكترونية,22.0,0.17,فرصة واعدة
دمشق,تصنيع غذائي,191.7,0.51,استثمار متوسط
السويداء,زراعة حديثة,35.2,0.15,استثمار متوسط
دير الزور,خدمات تقنية,23.9,0.6,فرصة واعدة
دمشق,زراعة حديثة,37.9,0.43,مخاطرة عالية
حلب,زراعة حديثة,42.5,0.16,استثمار متوسط
حلب,زراعة حديثة,65.2,0.59,استثمار متوسط
اللاذقية,تجارة إلكترونية,40.4,0.2,فرصة واعدة
اللاذقية,خدمات تقنية,26.3,0.3,فرصة واعدة
الحسكة,زراعة حديثة,79.9,0.64,فرصة واعدة
إدلب,زراعة حديثة,40.0,0.46,مخاطرة عالية
إدلب,صناعة هندسية,720.8,0.37,فرصة واعدة
حمص,تجارة إلكترونية,20.3,0.17,فرصة واعدة
ريف دمشق,تجارة إلكترونية,15.8,0.21,فرصة واعدة
طرطوس,طاقة متجددة,486.2,0.1,فرصة واعدة
دمشق,تصنيع غذائي,285.6,0.68,فرصة واعدة
الحسكة,تصنيع غذائي,196.5,0.54,فرصة واعدة
إدلب,صناعة هندسية,694.9,0.2,فرصة واعدة
الحسكة,طاقة متجددة,584.6,0.15,فرصة واعدة
طرطوس,خدمات تقنية,21.3,0.3,فرصة واعدة
درعا,زراعة حديثة,43.9,0.35,استثمار متوسط
دمشق,خدمات تقنية,7.9,0.22,استثمار متوسط
اللاذقية,تجارة إلكترونية,38.7,0.57,فرصة واعدة
السويداء,تصنيع غذائي,244.2,0.46,فرصة واعدة
الحسكة,خدمات تقنية,20.8,0.44,فرصة واعدة
درعا,طاقة متجددة,587.5,0.6,فرصة واعدة
إدلب,تجارة إلكترونية,32.9,0.32,فرصة واعدة
السويداء,خدمات تقنية,23.4,0.46,فرصة واعدة
حمص,طاقة متجددة,532.3,0.28,فرصة واعدة
إدلب,طاقة متجددة,474.6,0.49,فرصة واعدة
القنيطرة,تجارة إلكترونية,33.3,0.59,فرصة واعدة
إدلب,زراعة حديثة,125.7,0.26,فرصة واعدة
القنيطرة,صناعة هندسية,381.0,0.41,استثمار متوسط
ريف دمشق,طاقة متجددة,247.9,0.7,استثمار متوسط
حمص,تصنيع غذائي,223.1,0.64,فرصة واعدة
طرطوس,تصنيع غذائي,259.1,0.66,فرصة واعدة
دمشق,خدمات تقنية,18.5,0.23,فرصة واعدة
السويداء,تصنيع غذائي,95.2,0.49,استثمار متوسط
حماة,تصنيع غذائي,108.2,0.52,استثمار متوسط
دمشق,تجارة إلكترونية,38.7,0.2,فرصة واعدة
دمشق,زراعة حديثة,82.6,0.58,استثمار متوسط
ريف دمشق,تجارة إلكترونية,32.5,0.14,فرصة واعدة
حمص,طاقة متجددة,517.8,0.7,فرصة واعدة
حمص,خدمات تقنية,18.2,0.36,فرصة واعدة
الرقة,تجارة إلكترونية,19.1,0.23,فرصة واعدة
حمص,تجارة إلكترونية,42.8,0.16,فرصة واعدة
حلب,زراعة حديثة,121.7,0.19,فرصة واعدة
السويداء,صناعة هندسية,477.1,0.15,فرصة واعدة
الحسكة,تصنيع غذائي,250.4,0.2,فرصة واعدة
ريف دمشق,زراعة حديثة,68.7,0.12,فرصة واعدة
الرقة,زراعة حديثة,117.2,0.56,فرصة واعدة
دمشق,صناعة هندسية,206.0,0.2,مخاطرة عالية
الرقة,خدمات تقنية,16.8,0.5,فرصة واعدة
السويداء,تجارة إلكترونية,39.8,0.14,فرصة واعدة
السويداء,تصنيع غذائي,209.0,0.57,فرصة واعدة
الحسكة,طاقة متجددة,121.7,0.32,مخاطرة عالية
السويداء,صناعة هندسية,810.0,0.42,فرصة واعدة
ريف دمشق,تصنيع غذائي,278.1,0.44,فرصة واعدة
دير الزور,خدمات تقنية,22.3,0.67,فرصة واعدة
حلب,تجارة إلكترونية,18.8,0.15,فرصة واعدة
حمص,زراعة حديثة,22.4,0.34,مخاطرة عالية
دمشق,تصنيع غذائي,187.8,0.53,فرصة واعدة
طرطوس,طاقة متجددة,472.2,0.55,فرصة واعدة
الرقة,خدمات تقنية,16.6,0.54,فرصة واعدة
إدلب,تصنيع غذائي,226.6,0.21,فرصة واعدة
دمشق,تجارة إلكترونية,26.1,0.37,فرصة واعدة
درعا,خدمات تقنية,29.8,0.28,فرصة واعدة
ريف دمشق,طاقة متجددة,227.4,0.68,استثمار متوسط
الرقة,تجارة إلكترونية,24.9,0.39,فرصة واعدة
دمشق,زراعة حديثة,121.1,0.2,فرصة واعدة
الرقة,زراعة حديثة,35.8,0.39,استثمار متوسط
حلب,طاقة متجددة,441.0,0.67,فرصة واعدة
الرقة,خدمات تقنية,7.1,0.5,مخاطرة عالية
طرطوس,صناعة هندسية,208.6,0.18,مخاطرة عالية
دير الزور,تصنيع غذائي,72.5,0.54,استثمار متوسط
دمشق,تصنيع غذائي,295.8,0.33,فرصة واعدة
دمشق,طاقة متجددة,276.5,0.48,استثمار متوسط
حمص,صناعة هندسية,867.9,0.46,فرصة واعدة
درعا,خدمات تقنية,20.8,0.48,فرصة واعدة
حلب,تجارة إلكترونية,29.3,0.52,فرصة واعدة
حمص,تجارة إلكترونية,38.3,0.66,فرصة واعدة
حلب,زراعة حديثة,143.6,0.64,فرصة واعدة
الرقة,طاقة متجددة,176.0,0.45,مخاطرة عالية
دمشق,خدمات تقنية,19.3,0.12,فرصة واعدة
دمشق,طاقة متجددة,97.0,0.53,مخاطرة عالية
حلب,خدمات تقنية,17.3,0.14,فرصة واعدة
الحسكة,طاقة متجددة,318.2,0.18,فرصة واعدة
السويداء,صناعة هندسية,584.8,0.34,فرصة واعدة
اللاذقية,زراعة حديثة,139.5,0.41,فرصة واعدة
إدلب,صناعة هندسية,335.7,0.35,استثمار متوسط
دمشق,صناعة هندسية,850.5,0.13,فرصة واعدة
إدلب,صناعة هندسية,671.1,0.47,فرصة واعدة
درعا,تصنيع غذائي,54.4,0.45,مخاطرة عالية
الرقة,تصنيع غذائي,69.6,0.7,مخاطرة عالية
دمشق,تصنيع غذائي,181.8,0.35,فرصة واعدة
درعا,صناعة هندسية,863.0,0.53,فرصة واعدة
دير الزور,صناعة هندسية,419.0,0.11,فرصة واعدة
طرطوس,صناعة هندسية,553.1,0.58,فرصة واعدة
القنيطرة,تجارة إلكترونية,17.6,0.27,فرصة واعدة
القنيطرة,طاقة متجددة,310.3,0.27,فرصة واعدة
حمص,صناعة هندسية,762.7,0.27,فرصة واعدة
الرقة,تجارة إلكترونية,36.7,0.67,فرصة واعدة
حمص,خدمات تقنية,8.0,0.63,مخاطرة عالية
الحسكة,زراعة حديثة,141.9,0.47,فرصة واعدة
السويداء,تصنيع غذائي,285.3,0.19,فرصة واعدة
درعا,تصنيع غذائي,158.5,0.12,فرصة واعدة
ريف دمشق,صناعة هندسية,598.7,0.15,فرصة واعدة
إدلب,خدمات تقنية,8.1,0.22,استثمار متوسط
اللاذقية,خدمات تقنية,26.5,0.65,فرصة واعدة
حلب,تجارة إلكترونية,6.5,0.58,مخاطرة عالية
حمص,زراعة حديثة,43.6,0.69,مخاطرة عالية
حمص,خدمات تقنية,19.4,0.34,فرصة واعدة
حماة,صناعة هندسية,1010.8,0.31,فرصة واعدة
حلب,طاقة متجددة,410.0,0.17,فرصة واعدة
ريف دمشق,خدمات تقنية,9.8,0.52,استثمار متوسط
السويداء,تجارة إلكترونية,12.1,0.3,مخاطرة عالية
ريف دمشق,زراعة حديثة,34.7,0.14,استثمار متوسط
السويداء,تصنيع غذائي,153.7,0.58,فرصة واعدة
السويداء,صناعة هندسية,304.2,0.67,مخاطرة عالية
اللاذقية,تصنيع غذائي,102.1,0.32,استثمار متوسط
الرقة,صناعة هندسية,1102.5,0.51,فرصة واعدة
حماة,تصنيع غذائي,296.1,0.19,فرصة واعدة
حماة,خدمات تقنية,9.4,0.63,استثمار متوسط
طرطوس,طاقة متجددة,89.2,0.36,مخاطرة عالية
حماة,صناعة هندسية,403.1,0.11,فرصة واعدة
دمشق,صناعة هندسية,394.2,0.66,مخاطرة عالية
دير الزور,خدمات تقنية,28.4,0.66,فرصة واعدة
درعا,خدمات تقنية,5.8,0.31,استثمار متوسط
درعا,خدمات تقنية,5.6,0.47,مخاطرة عالية
اللاذقية,صناعة هندسية,757.5,0.58,فرصة واعدة
حمص,طاقة متجددة,565.4,0.12,فرصة واعدة
حمص,تجارة إلكترونية,9.7,0.52,مخاطرة عالية
إدلب,زراعة حديثة,56.6,0.22,فرصة واعدة
إدلب,صناعة هندسية,976.1,0.66,فرصة واعدة
ريف دمشق,طاقة متجددة,396.7,0.32,فرصة واعدة
حلب,تصنيع غذائي,230.2,0.59,فرصة واعدة
حمص,تصنيع غذائي,278.1,0.31,فرصة واعدة
الرقة,تجارة إلكترونية,25.6,0.49,فرصة واعدة
الحسكة,خدمات تقنية,6.9,0.65,مخاطرة عالية
اللاذقية,طاقة متجددة,254.5,0.49,استثمار متوسط
ريف دمشق,تجارة إلكترونية,41.2,0.56,فرصة واعدة
دير الزور,طاقة متجددة,167.2,0.47,استثمار متوسط
ريف دمشق,طاقة متجددة,447.8,0.49,فرصة واعدة
الرقة,زراعة حديثة,130.9,0.23,فرصة واعدة
حلب,خدمات تقنية,24.5,0.34,فرصة واعدة
حمص,طاقة متجددة,100.9,0.48,مخاطرة عالية
إدلب,تصنيع غذائي,117.7,0.49,استثمار متوسط
دمشق,تصنيع غذائي,234.1,0.14,فرصة واعدة
السويداء,تجارة إلكترونية,33.7,0.37,فرصة واعدة
حلب,تجارة إلكترونية,39.8,0.27,فرصة واعدة
حمص,صناعة هندسية,957.0,0.35,فرصة واعدة
طرطوس,تصنيع غذائي,86.0,0.4,مخاطرة عالية
الحسكة,صناعة هندسية,1060.6,0.3,فرصة واعدة
القنيطرة,خدمات تقنية,27.7,0.43,فرصة واعدة
حلب,طاقة متجددة,481.5,0.58,فرصة واعدة
الرقة,زراعة حديثة,83.7,0.39,فرصة واعدة
الرقة,تجارة إلكترونية,7.2,0.11,استثمار متوسط
اللاذقية,تصنيع غذائي,226.3,0.26,فرصة واعدة
القنيطرة,خدمات تقنية,4.8,0.39,مخاطرة عالية
ريف دمشق,صناعة هندسية,166.4,0.11,مخاطرة عالية
الحسكة,تصنيع غذائي,265.2,0.23,فرصة واعدة
الحسكة,تصنيع غذائي,222.5,0.58,فرصة واعدة
طرطوس,صناعة هندسية,313.0,0.36,مخاطرة عالية
درعا,تصنيع غذائي,154.9,0.12,فرصة واعدة
طرطوس,تصنيع غذائي,229.6,0.11,فرصة واعدة
درعا,تصنيع غذائي,100.3,0.48,استثمار متوسط
ريف دمشق,تصنيع غذائي,238.0,0.25,فرصة واعدة
دمشق,خدمات تقنية,10.3,0.25,مخاطرة عالية
السويداء,طاقة متجددة,128.1,0.38,استثمار متوسط
الرقة,تجارة إلكترونية,36.4,0.34,فرصة واعدة
حمص,زراعة حديثة,51.2,0.31,فرصة واعدة
اللاذقية,زراعة حديثة,91.8,0.5,فرصة واعدة
إدلب,خدمات تقنية,20.9,0.15,فرصة واعدة
إدلب,تجارة إلكترونية,18.5,0.26,فرصة واعدة
القنيطرة,خدمات تقنية,18.1,0.54,فرصة واعدة
درعا,تصنيع غذائي,48.2,0.11,مخاطرة عالية
حلب,صناعة هندسية,848.0,0.68,فرصة واعدة
حماة,صناعة هندسية,474.4,0.43,استثمار متوسط
ريف دمشق,تجارة إلكترونية,27.9,0.56,فرصة واعدة
دير الزور,خدمات تقنية,14.3,0.37,فرصة واعدة
اللاذقية,خدمات تقنية,4.5,0.42,مخاطرة عالية
اللاذقية,تجارة إلكترونية,34.9,0.22,فرصة واعدة
السويداء,تجارة إلكترونية,41.4,0.27,فرصة واعدة
اللاذقية,صناعة هندسية,667.2,0.61,فرصة واعدة
الرقة,زراعة حديثة,136.8,0.62,فرصة واعدة
اللاذقية,تجارة إلكترونية,35.1,0.11,فرصة واعدة
ريف دمشق,خدمات تقنية,8.8,0.4,استثمار متوسط
السويداء,تجارة إلكترونية,37.9,0.28,فرصة واعدة
القنيطرة,صناعة هندسية,1070.6,0.47,فرصة واعدة
طرطوس,صناعة هندسية,472.7,0.15,فرصة واعدة
حماة,تجارة إلكترونية,14.5,0.11,فرصة واعدة
حمص,تجارة إلكترونية,33.2,0.25,فرصة واعدة
ريف دمشق,تجارة إلكترونية,40.6,0.29,فرصة واعدة
درعا,صناعة هندسية,895.8,0.62,فرصة واعدة
طرطوس,صناعة هندسية,194.5,0.37,مخاطرة عالية
حمص,خدمات تقنية,4.8,0.38,مخاطرة عالية
درعا,خدمات تقنية,11.5,0.63,استثمار متوسط
حمص,تجارة إلكترونية,29.5,0.32,فرصة واعدة
دمشق,صناعة هندسية,916.4,0.57,فرصة واعدة
ريف دمشق,صناعة هندسية,621.4,0.3,فرصة واعدة
حماة,طاقة متجددة,177.5,0.5,مخاطرة عالية
درعا,تصنيع غذائي,119.8,0.13,فرصة واعدة
دير الزور,تجارة إلكترونية,39.4,0.39,فرصة واعدة
حماة,خدمات تقنية,28.5,0.48,فرصة واعدة
القنيطرة,صناعة هندسية,446.4,0.65,استثمار متوسط
دير الزور,زراعة حديثة,29.2,0.49,مخاطرة عالية
دمشق,خدمات تقنية,5.9,0.5,مخاطرة عالية
إدلب,طاقة متجددة,486.6,0.25,فرصة واعدة
الرقة,تصنيع غذائي,224.0,0.67,فرصة واعدة
حلب,طاقة متجددة,269.9,0.51,استثمار متوسط
حماة,تجارة إلكترونية,38.5,0.51,فرصة واعدة
دير الزور,تجارة إلكترونية,40.4,0.46,فرصة واعدة
دير الزور,تصنيع غذائي,230.8,0.53,فرصة واعدة
حمص,زراعة حديثة,118.9,0.64,فرصة واعدة
حلب,تجارة إلكترونية,20.6,0.19,فرصة واعدة
درعا,زراعة حديثة,47.1,0.61,استثمار متوسط
دمشق,خدمات تقنية,24.5,0.31,فرصة واعدة
حلب,تجارة إلكترونية,38.2,0.5,فرصة واعدة
السويداء,طاقة متجددة,408.4,0.57,فرصة واعدة
دمشق,زراعة حديثة,133.9,0.57,فرصة واعدة
طرطوس,زراعة حديثة,90.2,0.31,فرصة واعدة
اللاذقية,تجارة إلكترونية,11.6,0.45,مخاطرة عالية
دمشق,طاقة متجددة,294.7,0.57,استثمار متوسط
إدلب,صناعة هندسية,764.9,0.33,فرصة واعدة
اللاذقية,تجارة إلكترونية,25.0,0.12,فرصة واعدة
الحسكة,صناعة هندسية,1132.9,0.62,فرصة واعدة
الحسكة,صناعة هندسية,277.4,0.55,مخاطرة عالية
درعا,خدمات تقنية,15.6,0.64,فرصة واعدة
طرطوس,تجارة إلكترونية,24.8,0.26,فرصة واعدة
حمص,خدمات تقنية,7.3,0.13,استثمار متوسط
ريف دمشق,تجارة إلكترونية,35.8,0.64,فرصة واعدة
درعا,خدمات تقنية,14.9,0.24,فرصة واعدة
ريف دمشق,زراعة حديثة,126.4,0.12,فرصة واعدة
ريف دمشق,تجارة إلكترونية,34.2,0.49,فرصة واعدة
دير الزور,طاقة متجددة,196.9,0.6,مخاطرة عالية
السويداء,تجارة إلكترونية,36.2,0.12,فرصة واعدة
القنيطرة,تجارة إلكترونية,39.1,0.38,فرصة واعدة
حماة,صناعة هندسية,661.1,0.48,فرصة واعدة
الحسكة,خدمات تقنية,6.8,0.46,استثمار متوسط
القنيطرة,طاقة متجددة,304.1,0.68,فرصة واعدة
طرطوس,صناعة هندسية,966.9,0.34,فرصة واعدة
دير الزور,خدمات تقنية,6.3,0.32,استثمار متوسط
إدلب,تصنيع غذائي,76.8,0.36,مخاطرة عالية
السويداء,تجارة إلكترونية,35.7,0.32,فرصة واعدة
حماة,تجارة إلكترونية,16.9,0.47,استثمار متوسط
دير الزور,زراعة حديثة,27.0,0.42,مخاطرة عالية
طرطوس,زراعة حديثة,64.2,0.52,استثمار متوسط
الرقة,زراعة حديثة,140.6,0.58,فرصة واعدة
القنيطرة,خدمات تقنية,10.2,0.23,استثمار متوسط
حماة,تصنيع غذائي,87.8,0.41,استثمار متوسط
اللاذقية,تجارة إلكترونية,6.8,0.15,استثمار متوسط
حماة,تصنيع غذائي,201.2,0.3,فرصة واعدة
دير الزور,خدمات تقنية,9.1,0.66,استثمار متوسط
دير الزور,طاقة متجددة,189.0,0.33,استثمار متوسط
درعا,زراعة حديثة,113.3,0.25,فرصة واعدة
اللاذقية,تصنيع غذائي,147.1,0.7,استثمار متوسط
ريف دمشق,زراعة حديثة,104.0,0.25,فرصة واعدة
السويداء,زراعة حديثة,55.3,0.4,استثمار متوسط
حمص,خدمات تقنية,22.0,0.33,فرصة واعدة
الرقة,صناعة هندسية,310.1,0.56,مخاطرة عالية
حماة,زراعة حديثة,134.5,0.49,فرصة واعدة
السويداء,خدمات تقنية,10.6,0.68,مخاطرة عالية
حلب,تصنيع غذائي,143.8,0.27,فرصة واعدة
حلب,طاقة متجددة,205.4,0.59,مخاطرة عالية
درعا,طاقة متجددة,159.2,0.21,استثمار متوسط
حمص,خدمات تقنية,21.6,0.34,فرصة واعدة
ريف دمشق,خدمات تقنية,7.3,0.63,مخاطرة عالية
الحسكة,زراعة حديثة,107.2,0.57,فرصة واعدة
حماة,تجارة إلكترونية,19.2,0.15,فرصة واعدة
إدلب,زراعة حديثة,87.3,0.66,فرصة واعدة
حلب,تصنيع غذائي,183.5,0.26,فرصة واعدة
طرطوس,طاقة متجددة,465.6,0.17,فرصة واعدة
اللاذقية,زراعة حديثة,76.0,0.39,فرصة واعدة
ريف دمشق,طاقة متجددة,134.5,0.31,استثمار متوسط
اللاذقية,خدمات تقنية,10.5,0.55,استثمار متوسط
السويداء,تجارة إلكترونية,38.4,0.51,فرصة واعدة
دمشق,تصنيع غذائي,44.4,0.48,مخاطرة عالية
دمشق,طاقة متجددة,234.2,0.49,استثمار متوسط
إدلب,تجارة إلكترونية,33.9,0.16,فرصة واعدة
دير الزور,خدمات تقنية,20.6,0.26,فرصة واعدة
السويداء,تصنيع غذائي,108.1,0.61,استثمار متوسط
الحسكة,طاقة متجددة,237.3,0.47,استثمار متوسط
الحسكة,زراعة حديثة,42.9,0.44,استثمار متوسط
طرطوس,صناعة هندسية,1155.7,0.16,فرصة واعدة
السويداء,تصنيع غذائي,132.7,0.69,استثمار متوسط
القنيطرة,تجارة إلكترونية,29.8,0.52,فرصة واعدة
حماة,طاقة متجددة,502.3,0.46,فرصة واعدة
ريف دمشق,طاقة متجددة,220.1,0.62,استثمار متوسط
إدلب,طاقة متجددة,354.1,0.3,فرصة واعدة
الحسكة,تصنيع غذائي,268.4,0.53,فرصة واعدة
الحسكة,طاقة متجددة,224.6,0.3,فرصة واعدة
حلب,زراعة حديثة,60.0,0.48,مخاطرة عالية
الرقة,صناعة هندسية,1120.7,0.2,فرصة واعدة
درعا,طاقة متجددة,312.8,0.22,فرصة واعدة
الحسكة,طاقة متجددة,372.3,0.28,فرصة واعدة
الحسكة,طاقة متجددة,263.5,0.19,فرصة واعدة
اللاذقية,خدمات تقنية,10.5,0.62,مخاطرة عالية
دير الزور,صناعة هندسية,394.8,0.15,استثمار متوسط
القنيطرة,تصنيع غذائي,143.5,0.39,فرصة واعدة
اللاذقية,تجارة إلكترونية,37.8,0.22,فرصة واعدة
ريف دمشق,تصنيع غذائي,44.7,0.19,مخاطرة عالية
اللاذقية,طاقة متجددة,239.5,0.15,فرصة واعدة
الحسكة,خدمات تقنية,18.3,0.68,فرصة واعدة
الرقة,تصنيع غذائي,138.5,0.49,استثمار متوسط
السويداء,طاقة متجددة,96.6,0.44,مخاطرة عالية
دير الزور,زراعة حديثة,91.0,0.23,فرصة واعدة
دير الزور,صناعة هندسية,970.5,0.53,فرصة واعدة
دير الزور,خدمات تقنية,12.1,0.13,فرصة واعدة
حمص,تصنيع غذائي,214.0,0.19,فرصة واعدة
حمص,خدمات تقنية,9.3,0.67,مخاطرة عالية
اللاذقية,خدمات تقنية,24.1,0.15,فرصة واعدة
السويداء,خدمات تقنية,11.4,0.27,استثمار متوسط
السويداء,تجارة إلكترونية,8.6,0.54,مخاطرة عالية
طرطوس,خدمات تقنية,18.6,0.25,فرصة واعدة
الحسكة,طاقة متجددة,90.4,0.22,استثمار متوسط
القنيطرة,خدمات تقنية,25.4,0.56,فرصة واعدة
طرطوس,تصنيع غذائي,77.3,0.34,استثمار متوسط
حمص,زراعة حديثة,48.0,0.34,استثمار متوسط
دير الزور,تجارة إلكترونية,37.9,0.14,فرصة واعدة
حلب,طاقة متجددة,174.5,0.1,استثمار متوسط
إدلب,خدمات تقنية,12.5,0.23,فرصة واعدة
القنيطرة,زراعة حديثة,109.8,0.47,فرصة واعدة
حلب,طاقة متجددة,173.2,0.12,مخاطرة عالية
دير الزور,تصنيع غذائي,110.2,0.28,فرصة واعدة
طرطوس,طاقة متجددة,185.8,0.13,استثمار متوسط
القنيطرة,صناعة هندسية,1021.7,0.27,فرصة واعدة
حلب,خدمات تقنية,4.6,0.27,مخاطرة عالية
القنيطرة,صناعة هندسية,998.1,0.14,فرصة واعدة
السويداء,خدمات تقنية,23.9,0.2,فرصة واعدة
درعا,خدمات تقنية,26.7,0.5,فرصة واعدة
دير الزور,صناعة هندسية,442.6,0.18,فرصة واعدة
الحسكة,صناعة هندسية,1148.6,0.29,فرصة واعدة
ريف دمشق,تصنيع غذائي,193.2,0.44,فرصة واعدة
حلب,زراعة حديثة,145.7,0.55,فرصة واعدة
دير الزور,خدمات تقنية,6.5,0.3,مخاطرة عالية
طرطوس,زراعة حديثة,125.0,0.34,فرصة واعدة
حمص,صناعة هندسية,767.7,0.44,فرصة واعدة
درعا,تجارة إلكترونية,27.9,0.24,فرصة واعدة
دير الزور,تجارة إلكترونية,22.7,0.44,فرصة واعدة
السويداء,خدمات تقنية,12.6,0.56,استثمار متوسط
حلب,طاقة متجددة,318.8,0.49,استثمار متوسط
حماة,صناعة هندسية,653.7,0.6,فرصة واعدة
ريف دمشق,خدمات تقنية,15.9,0.3,فرصة واعدة
دمشق,طاقة متجددة,395.5,0.69,فرصة واعدة
الحسكة,خدمات تقنية,24.8,0.68,فرصة واعدة
إدلب,طاقة متجددة,192.7,0.56,مخاطرة عالية
ريف دمشق,زراعة حديثة,63.8,0.44,استثمار متوسط
السويداء,صناعة هندسية,780.9,0.32,فرصة واعدة
ريف دمشق,طاقة متجددة,348.5,0.23,فرصة واعدة
السويداء,خدمات تقنية,10.3,0.26,استثمار متوسط
إدلب,خدمات تقنية,13.3,0.21,فرصة واعدة
إدلب,تصنيع غذائي,218.0,0.49,فرصة واعدة
دمشق,طاقة متجددة,327.6,0.54,فرصة واعدة
إدلب,تصنيع غذائي,97.4,0.67,مخاطرة عالية
القنيطرة,صناعة هندسية,179.4,0.59,مخاطرة عالية
اللاذقية,تجارة إلكترونية,33.2,0.12,فرصة واعدة
دمشق,صناعة هندسية,1022.5,0.41,فرصة واعدة
حمص,تصنيع غذائي,133.9,0.4,فرصة واعدة
السويداء,خدمات تقنية,27.0,0.55,فرصة واعدة
طرطوس,زراعة حديثة,89.4,0.49,فرصة واعدة
اللاذقية,صناعة هندسية,310.2,0.66,مخاطرة عالية
طرطوس,صناعة هندسية,819.2,0.43,فرصة واعدة
الرقة,تجارة إلكترونية,41.0,0.13,فرصة واعدة
اللاذقية,تجارة إلكترونية,29.6,0.25,فرصة واعدة
درعا,زراعة حديثة,128.4,0.22,فرصة واعدة
السويداء,طاقة متجددة,183.0,0.29,استثمار متوسط
السويداء,خدمات تقنية,21.6,0.12,فرصة واعدة
الحسكة,خدمات تقنية,20.8,0.37,فرصة واعدة
إدلب,صناعة هندسية,658.1,0.32,فرصة واعدة
ريف دمشق,زراعة حديثة,141.4,0.2,فرصة واعدة
السويداء,زراعة حديثة,93.9,0.34,فرصة واعدة
القنيطرة,زراعة حديثة,89.0,0.5,فرصة واعدة
ريف دمشق,زراعة حديثة,134.5,0.67,فرصة واعدة
طرطوس,تجارة إلكترونية,20.7,0.2,فرصة واعدة
درعا,تصنيع غذائي,147.4,0.19,فرصة واعدة
الرقة,زراعة حديثة,97.5,0.49,فرصة واعدة
الرقة,طاقة متجددة,585.4,0.13,فرصة واعدة
دير الزور,صناعة هندسية,348.4,0.44,مخاطرة عالية
حماة,تصنيع غذائي,173.5,0.32,فرصة واعدة
الرقة,تصنيع غذائي,298.0,0.48,فرصة واعدة
الحسكة,زراعة حديثة,59.9,0.37,فرصة واعدة
ريف دمشق,صناعة هندسية,864.5,0.5,فرصة واعدة
ريف دمشق,خدمات تقنية,9.3,0.67,مخاطرة عالية
ريف دمشق,تصنيع غذائي,124.7,0.67,استثمار متوسط
درعا,تجارة إلكترونية,8.3,0.68,مخاطرة عالية
ريف دمشق,تجارة إلكترونية,42.6,0.59,فرصة واعدة
القنيطرة,تصنيع غذائي,249.6,0.4,فرصة واعدة
الحسكة,زراعة حديثة,80.6,0.28,فرصة واعدة
السويداء,تجارة إلكترونية,43.1,0.61,فرصة واعدة
دير الزور,تصنيع غذائي,48.7,0.36,مخاطرة عالية
السويداء,تصنيع غذائي,105.8,0.3,استثمار متوسط
طرطوس,تجارة إلكترونية,21.5,0.39,فرصة واعدة
إدلب,تجارة إلكترونية,24.2,0.62,فرصة واعدة
السويداء,خدمات تقنية,27.8,0.62,فرصة واعدة
حمص,طاقة متجددة,435.6,0.67,فرصة واعدة
إدلب,تصنيع غذائي,276.8,0.62,فرصة واعدة
حلب,صناعة هندسية,1144.9,0.56,فرصة واعدة
الحسكة,تجارة إلكترونية,30.0,0.25,فرصة واعدة
الحسكة,تجارة إلكترونية,30.9,0.24,فرصة واعدة
القنيطرة,تجارة إلكترونية,42.6,0.48,فرصة واعدة
درعا,صناعة هندسية,878.9,0.63,فرصة واعدة
دير الزور,صناعة هندسية,529.3,0.52,استثمار متوسط
السويداء,خدمات تقنية,27.1,0.23,فرصة واعدة
السويداء,تصنيع غذائي,202.5,0.61,فرصة واعدة
اللاذقية,تصنيع غذائي,143.3,0.63,فرصة واعدة
دير الزور,طاقة متجددة,341.3,0.32,فرصة واعدة
السويداء,تجارة إلكترونية,34.0,0.54,فرصة واعدة
الرقة,خدمات تقنية,5.5,0.11,مخاطرة عالية
إدلب,تصنيع غذائي,241.3,0.32,فرصة واعدة
اللاذقية,زراعة حديثة,113.4,0.62,فرصة واعدة
السويداء,طاقة متجددة,308.7,0.55,فرصة واعدة
حماة,زراعة حديثة,149.5,0.4,فرصة واعدة
حمص,تصنيع غذائي,101.5,0.27,استثمار متوسط
اللاذقية,زراعة حديثة,44.5,0.6,استثمار متوسط
طرطوس,زراعة حديثة,22.7,0.62,مخاطرة عالية
طرطوس,خدمات تقنية,25.7,0.19,فرصة واعدة
حمص,تجارة إلكترونية,43.4,0.47,فرصة واعدة
اللاذقية,خدمات تقنية,12.0,0.45,استثمار متوسط
السويداء,زراعة حديثة,25.6,0.37,مخاطرة عالية
درعا,تجارة إلكترونية,29.7,0.32,فرصة واعدة
ريف دمشق,تجارة إلكترونية,19.0,0.4,فرصة واعدة
طرطوس,تجارة إلكترونية,24.0,0.51,فرصة واعدة
حمص,صناعة هندسية,975.6,0.12,فرصة واعدة
اللاذقية,طاقة متجددة,397.7,0.3,فرصة واعدة
ريف دمشق,خدمات تقنية,24.3,0.69,فرصة واعدة
درعا,خدمات تقنية,6.8,0.61,مخاطرة عالية
الحسكة,تجارة إلكترونية,17.2,0.65,استثمار متوسط
الحسكة,زراعة حديثة,148.1,0.5,فرصة واعدة
درعا,طاقة متجددة,200.6,0.57,استثمار متوسط
إدلب,تجارة إلكترونية,39.9,0.56,فرصة واعدة
حماة,طاقة متجددة,467.9,0.54,فرصة واعدة
إدلب,صناعة هندسية,738.4,0.68,فرصة واعدة
الحسكة,تصنيع غذائي,159.3,0.18,فرصة واعدة
اللاذقية,تجارة إلكترونية,33.8,0.64,فرصة واعدة
حلب,صناعة هندسية,167.1,0.4,مخاطرة عالية
ريف دمشق,زراعة حديثة,27.9,0.45,مخاطرة عالية
حلب,زراعة حديثة,29.4,0.24,مخاطرة عالية
طرطوس,تصنيع غذائي,277.2,0.33,فرصة واعدة
درعا,تصنيع غذائي,191.9,0.29,فرصة واعدة
القنيطرة,صناعة هندسية,436.1,0.49,استثمار متوسط
حماة,صناعة هندسية,345.3,0.63,مخاطرة عالية
الرقة,تصنيع غذائي,274.7,0.66,فرصة واعدة
الحسكة,صناعة هندسية,364.0,0.45,استثمار متوسط
الحسكة,خدمات تقنية,13.8,0.56,استثمار متوسط
اللاذقية,تصنيع غذائي,77.0,0.41,مخاطرة عالية
القنيطرة,صناعة هندسية,180.3,0.37,مخاطرة عالية
اللاذقية,خدمات تقنية,21.3,0.57,فرصة واعدة
درعا,تجارة إلكترونية,21.3,0.54,فرصة واعدة
حلب,تجارة إلكترونية,27.9,0.17,فرصة واعدة
حمص,صناعة هندسية,925.8,0.39,فرصة واعدة
اللاذقية,زراعة حديثة,110.1,0.55,فرصة واعدة
الرقة,صناعة هندسية,892.2,0.32,فرصة واعدة
حماة,تجارة إلكترونية,22.6,0.6,فرصة واعدة
دير الزور,خدمات تقنية,25.2,0.39,فرصة واعدة
ريف دمشق,طاقة متجددة,487.1,0.13,فرصة واعدة
إدلب,طاقة متجددة,332.3,0.19,فرصة واعدة
دير الزور,تصنيع غذائي,91.3,0.12,استثمار متوسط
ريف دمشق,خدمات تقنية,19.7,0.1,فرصة واعدة
حلب,تجارة إلكترونية,34.0,0.12,فرصة واعدة
السويداء,طاقة متجددة,430.3,0.11,فرصة واعدة
إدلب,خدمات تقنية,30.0,0.66,فرصة واعدة
الرقة,تصنيع غذائي,284.3,0.24,فرصة واعدة
حماة,تجارة إلكترونية,32.0,0.67,فرصة واعدة
الحسكة,صناعة هندسية,398.3,0.15,استثمار متوسط
السويداء,تصنيع غذائي,150.2,0.58,فرصة واعدة
طرطوس,صناعة هندسية,1135.9,0.54,فرصة واعدة
الحسكة,تصنيع غذائي,263.2,0.22,فرصة واعدة
دمشق,خدمات تقنية,26.3,0.6,فرصة واعدة
الرقة,تصنيع غذائي,246.7,0.19,فرصة واعدة
السويداء,تجارة إلكترونية,12.9,0.55,مخاطرة عالية
ريف دمشق,صناعة هندسية,996.9,0.48,فرصة واعدة
دير الزور,صناعة هندسية,508.6,0.33,فرصة واعدة
الحسكة,خدمات تقنية,20.7,0.56,فرصة واعدة
حماة,تصنيع غذائي,247.9,0.51,فرصة واعدة
الرقة,زراعة حديثة,48.8,0.38,استثمار متوسط
اللاذقية,خدمات تقنية,24.4,0.57,فرصة واعدة
إدلب,خدمات تقنية,24.6,0.12,فرصة واعدة
السويداء,طاقة متجددة,494.1,0.55,فرصة واعدة
الحسكة,زراعة حديثة,134.5,0.28,فرصة واعدة
القنيطرة,خدمات تقنية,29.3,0.52,فرصة واعدة
حلب,طاقة متجددة,113.1,0.17,مخاطرة عالية
الرقة,تجارة إلكترونية,35.9,0.45,فرصة واعدة
حماة,طاقة متجددة,109.1,0.6,مخاطرة عالية
إدلب,صناعة هندسية,959.7,0.41,فرصة واعدة
طرطوس,طاقة متجددة,481.6,0.52,فرصة واعدة
حماة,زراعة حديثة,101.0,0.4,فرصة واعدة
القنيطرة,زراعة حديثة,74.7,0.26,فرصة واعدة
حمص,تجارة إلكترونية,39.9,0.62,فرصة واعدة
درعا,تصنيع غذائي,215.6,0.47,فرصة واعدة
حمص,تصنيع غذائي,160.4,0.15,فرصة واعدة
إدلب,طاقة متجددة,435.3,0.26,فرصة واعدة
السويداء,خدمات تقنية,27.1,0.3,فرصة واعدة
حمص,طاقة متجددة,534.6,0.58,فرصة واعدة
الرقة,تصنيع غذائي,265.5,0.13,فرصة واعدة
اللاذقية,صناعة هندسية,1126.6,0.17,فرصة واعدة
السويداء,صناعة هندسية,294.9,0.4,مخاطرة عالية
درعا,طاقة متجددة,487.6,0.47,فرصة واعدة
ريف دمشق,صناعة هندسية,712.6,0.61,فرصة واعدة
ريف دمشق,طاقة متجددة,578.9,0.32,فرصة واعدة
الحسكة,صناعة هندسية,631.4,0.58,فرصة واعدة
دمشق,تصنيع غذائي,103.5,0.47,استثمار متوسط
طرطوس,تجارة إلكترونية,18.0,0.14,فرصة واعدة
حماة,تجارة إلكترونية,44.3,0.67,فرصة واعدة
طرطوس,تجارة إلكترونية,17.4,0.48,استثمار متوسط
حمص,صناعة هندسية,394.9,0.3,فرصة واعدة
القنيطرة,صناعة هندسية,350.2,0.56,مخاطرة عالية
إدلب,طاقة متجددة,391.2,0.29,فرصة واعدة
الرقة,خدمات تقنية,29.1,0.65,فرصة واعدة
حلب,زراعة حديثة,67.1,0.15,استثمار متوسط
اللاذقية,طاقة متجددة,565.3,0.2,فرصة واعدة
إدلب,طاقة متجددة,558.6,0.2,فرصة واعدة
السويداء,تجارة إلكترونية,14.9,0.44,استثمار متوسط
إدلب,تصنيع غذائي,52.1,0.17,استثمار متوسط
الحسكة,خدمات تقنية,26.4,0.53,فرصة واعدة
دمشق,طاقة متجددة,566.7,0.2,فرصة واعدة
حمص,طاقة متجددة,458.0,0.52,فرصة واعدة
حلب,تصنيع غذائي,252.4,0.62,فرصة واعدة
حماة,زراعة حديثة,24.5,0.57,مخاطرة عالية
ريف دمشق,زراعة حديثة,142.6,0.42,فرصة واعدة
حمص,طاقة متجددة,225.0,0.6,استثمار متوسط
دمشق,خدمات تقنية,13.8,0.46,استثمار متوسط
حلب,خدمات تقنية,27.3,0.54,فرصة واعدة
القنيطرة,تجارة إلكترونية,33.0,0.63,فرصة واعدة
دمشق,تجارة إلكترونية,21.9,0.21,استثمار متوسط
درعا,صناعة هندسية,585.0,0.22,فرصة واعدة
حماة,صناعة هندسية,1193.6,0.42,فرصة واعدة
السويداء,تصنيع غذائي,236.9,0.2,فرصة واعدة
اللاذقية,طاقة متجددة,363.5,0.19,فرصة واعدة
القنيطرة,خدمات تقنية,16.1,0.63,فرصة واعدة
طرطوس,زراعة حديثة,60.4,0.57,استثمار متوسط
طرطوس,زراعة حديثة,119.3,0.5,فرصة واعدة
دير الزور,تصنيع غذائي,61.4,0.65,مخاطرة عالية
الحسكة,تصنيع غذائي,50.0,0.46,مخاطرة عالية
دير الزور,خدمات تقنية,5.9,0.41,مخاطرة عالية
طرطوس,خدمات تقنية,16.3,0.64,فرصة واعدة
ريف دمشق,خدمات تقنية,26.8,0.38,فرصة واعدة
طرطوس,تجارة إلكترونية,34.6,0.66,فرصة واعدة
الرقة,طاقة متجددة,126.0,0.3,مخاطرة عالية
درعا,زراعة حديثة,131.8,0.41,فرصة واعدة
درعا,تجارة إلكترونية,19.2,0.13,فرصة واعدة
طرطوس,خدمات تقنية,30.0,0.28,فرصة واعدة
حمص,صناعة هندسية,1062.1,0.47,فرصة واعدة
حمص,تجارة إلكترونية,19.3,0.17,فرصة واعدة
السويداء,تصنيع غذائي,107.9,0.68,مخاطرة عالية
إدلب,صناعة هندسية,529.6,0.63,استثمار متوسط
حمص,تصنيع غذائي,143.4,0.1,فرصة واعدة
القنيطرة,زراعة حديثة,90.5,0.37,فرصة واعدة
القنيطرة,تجارة إلكترونية,43.5,0.44,فرصة واعدة
حمص,طاقة متجددة,538.3,0.16,فرصة واعدة
اللاذقية,طاقة متجددة,129.9,0.5,مخاطرة عالية
دير الزور,صناعة هندسية,770.7,0.61,فرصة واعدة
الحسكة,طاقة متجددة,107.3,0.35,مخاطرة عالية
طرطوس,طاقة متجددة,533.5,0.64,فرصة واعدة
الرقة,طاقة متجددة,554.4,0.44,فرصة واعدة
دمشق,تصنيع غذائي,162.9,0.38,استثمار متوسط
درعا,طاقة متجددة,529.9,0.47,فرصة واعدة
إدلب,تصنيع غذائي,45.5,0.21,مخاطرة عالية
دير الزور,صناعة هندسية,914.9,0.62,فرصة واعدة
ريف دمشق,زراعة حديثة,132.1,0.11,فرصة واعدة
ريف دمشق,طاقة متجددة,151.1,0.68,مخاطرة عالية
حمص,تجارة إلكترونية,29.9,0.16,فرصة واعدة
القنيطرة,زراعة حديثة,95.2,0.49,فرصة واعدة
حلب,خدمات تقنية,6.3,0.57,مخاطرة عالية
الرقة,طاقة متجددة,480.0,0.27,فرصة واعدة
السويداء,صناعة هندسية,1082.8,0.31,فرصة واعدة
القنيطرة,زراعة حديثة,148.4,0.68,فرصة واعدة
السويداء,طاقة متجددة,240.2,0.44,فرصة واعدة
طرطوس,خدمات تقنية,21.1,0.14,فرصة واعدة
درعا,زراعة حديثة,93.5,0.26,فرصة واعدة
القنيطرة,صناعة هندسية,215.5,0.53,مخاطرة عالية
طرطوس,تصنيع غذائي,113.7,0.11,فرصة واعدة
الحسكة,زراعة حديثة,83.0,0.67,فرصة واعدة
إدلب,زراعة حديثة,57.6,0.41,استثمار متوسط
الرقة,طاقة متجددة,596.0,0.49,فرصة واعدة
السويداء,زراعة حديثة,120.1,0.61,فرصة واعدة
إدلب,خدمات تقنية,29.4,0.43,فرصة واعدة
إدلب,خدمات تقنية,14.0,0.28,فرصة واعدة
السويداء,طاقة متجددة,124.5,0.63,مخاطرة عالية
إدلب,زراعة حديثة,74.0,0.61,استثمار متوسط
درعا,تصنيع غذائي,79.4,0.48,استثمار متوسط
الرقة,صناعة هندسية,541.4,0.54,استثمار متوسط
دير الزور,خدمات تقنية,6.9,0.63,مخاطرة عالية
حماة,خدمات تقنية,14.2,0.15,فرصة واعدة
درعا,تصنيع غذائي,132.5,0.35,فرصة واعدة
حمص,خدمات تقنية,19.2,0.22,فرصة واعدة
درعا,تجارة إلكترونية,44.2,0.14,فرصة واعدة
ريف دمشق,زراعة حديثة,114.1,0.3,فرصة واعدة
حماة,زراعة حديثة,141.1,0.54,فرصة واعدة
إدلب,صناعة هندسية,394.6,0.29,استثمار متوسط
حمص,خدمات تقنية,28.8,0.68,فرصة واعدة
الحسكة,تصنيع غذائي,41.3,0.38,مخاطرة عالية
إدلب,تصنيع غذائي,50.6,0.12,مخاطرة عالية
الحسكة,تجارة إلكترونية,44.2,0.16,فرصة واعدة
ريف دمشق,صناعة هندسية,1134.0,0.41,فرصة واعدة
حمص,تجارة إلكترونية,16.2,0.66,مخاطرة عالية
دمشق,تجارة إلكترونية,6.6,0.1,مخاطرة عالية
دمشق,زراعة حديثة,114.9,0.37,فرصة واعدة
حلب,صناعة هندسية,854.6,0.57,فرصة واعدة
حمص,تجارة إلكترونية,31.5,0.53,فرصة واعدة
دير الزور,زراعة حديثة,93.2,0.53,فرصة واعدة
اللاذقية,تصنيع غذائي,59.0,0.7,مخاطرة عالية
حمص,صناعة هندسية,1112.6,0.54,فرصة واعدة
طرطوس,تجارة إلكترونية,20.3,0.62,فرصة واعدة
الرقة,زراعة حديثة,101.4,0.38,فرصة واعدة
حماة,تجارة إلكترونية,15.8,0.57,استثمار متوسط
طرطوس,زراعة حديثة,94.4,0.35,فرصة واعدة
دير الزور,طاقة متجددة,534.3,0.23,فرصة واعدة
حلب,تصنيع غذائي,269.7,0.35,فرصة واعدة
حلب,زراعة حديثة,48.2,0.62,مخاطرة عالية
إدلب,طاقة متجددة,335.1,0.61,فرصة واعدة
درعا,صناعة هندسية,685.3,0.61,فرصة واعدة
القنيطرة,زراعة حديثة,131.4,0.66,فرصة واعدة
اللاذقية,تصنيع غذائي,145.3,0.45,فرصة واعدة
حماة,تصنيع غذائي,41.7,0.32,مخاطرة عالية
القنيطرة,تصنيع غذائي,288.2,0.58,فرصة واعدة
حمص,زراعة حديثة,88.5,0.3,فرصة واعدة
اللاذقية,تصنيع غذائي,203.5,0.68,فرصة واعدة
إدلب,صناعة هندسية,994.8,0.29,فرصة واعدة
ريف دمشق,زراعة حديثة,61.1,0.51,استثمار متوسط
الرقة,تجارة إلكترونية,36.6,0.68,فرصة واعدة
السويداء,زراعة حديثة,105.2,0.62,فرصة واعدة
طرطوس,تجارة إلكترونية,12.1,0.29,استثمار متوسط
الحسكة,زراعة حديثة,120.8,0.16,فرصة واعدة
درعا,طاقة متجددة,232.0,0.3,فرصة واعدة
السويداء,صناعة هندسية,1029.9,0.68,فرصة واعدة
طرطوس,خدمات تقنية,28.9,0.46,فرصة واعدة
ريف دمشق,تجارة إلكترونية,31.8,0.15,فرصة واعدة
درعا,تصنيع غذائي,139.9,0.29,فرصة واعدة
ريف دمشق,خدمات تقنية,20.5,0.22,فرصة واعدة
ريف دمشق,زراعة حديثة,45.1,0.37,استثمار متوسط
حلب,تجارة إلكترونية,12.5,0.38,مخاطرة عالية
الرقة,تجارة إلكترونية,20.9,0.67,فرصة واعدة
القنيطرة,طاقة متجددة,582.5,0.47,فرصة واعدة
حماة,تصنيع غذائي,121.4,0.65,استثمار متوسط
حلب,خدمات تقنية,4.8,0.19,مخاطرة عالية
طرطوس,تجارة إلكترونية,28.2,0.67,فرصة واعدة
الرقة,خدمات تقنية,10.5,0.44,استثمار متوسط
القنيطرة,خدمات تقنية,19.5,0.37,فرصة واعدة
ريف دمشق,طاقة متجددة,538.5,0.43,فرصة واعدة
حلب,طاقة متجددة,337.1,0.52,فرصة واعدة
الرقة,تصنيع غذائي,109.8,0.4,استثمار متوسط
الحسكة,تصنيع غذائي,55.0,0.56,مخاطرة عالية
حمص,طاقة متجددة,347.2,0.61,فرصة واعدة
إدلب,تجارة إلكترونية,38.1,0.44,فرصة واعدة
دمشق,خدمات تقنية,22.8,0.27,فرصة واعدة
القنيطرة,زراعة حديثة,101.5,0.67,فرصة واعدة
دير الزور,خدمات تقنية,8.6,0.43,مخاطرة عالية
طرطوس,صناعة هندسية,821.3,0.49,فرصة واعدة
السويداء,تصنيع غذائي,276.1,0.39,فرصة واعدة
إدلب,زراعة حديثة,39.7,0.43,مخاطرة عالية
حلب,زراعة حديثة,56.2,0.12,استثمار متوسط
اللاذقية,زراعة حديثة,62.9,0.31,استثمار متوسط
حمص,تجارة إلكترونية,34.0,0.52,فرصة واعدة
دير الزور,زراعة حديثة,99.5,0.43,فرصة واعدة
حلب,صناعة هندسية,675.6,0.28,فرصة واعدة
الحسكة,تصنيع غذائي,111.0,0.14,فرصة واعدة
حمص,تجارة إلكترونية,40.0,0.69,فرصة واعدة
الرقة,خدمات تقنية,7.6,0.41,استثمار متوسط
حمص,تجارة إلكترونية,35.6,0.22,فرصة واعدة
حماة,تجارة إلكترونية,7.5,0.57,مخاطرة عالية
دير الزور,طاقة متجددة,384.1,0.63,فرصة واعدة
درعا,خدمات تقنية,18.7,0.19,فرصة واعدة
دير الزور,طاقة متجددة,184.9,0.38,استثمار متوسط
الرقة,تصنيع غذائي,133.1,0.15,فرصة واعدة
حمص,تجارة إلكترونية,19.1,0.17,فرصة واعدة
إدلب,زراعة حديثة,57.0,0.38,استثمار متوسط
ريف دمشق,زراعة حديثة,50.2,0.23,فرصة واعدة
اللاذقية,زراعة حديثة,134.2,0.36,فرصة واعدة
حمص,تصنيع غذائي,110.3,0.13,استثمار متوسط
الرقة,تصنيع غذائي,216.8,0.25,فرصة واعدة
طرطوس,زراعة حديثة,126.7,0.69,فرصة واعدة
إدلب,طاقة متجددة,233.8,0.51,استثمار متوسط
حماة,تجارة إلكترونية,7.3,0.2,مخاطرة عالية
ريف دمشق,تصنيع غذائي,143.6,0.14,فرصة واعدة
إدلب,طاقة متجددة,398.3,0.54,فرصة واعدة
دمشق,خدمات تقنية,27.4,0.26,فرصة واعدة
حمص,خدمات تقنية,15.6,0.31,فرصة واعدة
الحسكة,خدمات تقنية,25.7,0.69,فرصة واعدة
القنيطرة,صناعة هندسية,781.6,0.68,فرصة واعدة
طرطوس,خدمات تقنية,23.4,0.32,فرصة واعدة
الرقة,خدمات تقنية,27.4,0.62,فرصة واعدة
حلب,طاقة متجددة,521.3,0.25,فرصة واعدة
درعا,تصنيع غذائي,52.1,0.51,مخاطرة عالية
دير الزور,زراعة حديثة,78.5,0.66,فرصة واعدة
دير الزور,تجارة إلكترونية,17.4,0.21,فرصة واعدة
حلب,تجارة إلكترونية,6.2,0.64,مخاطرة عالية
إدلب,طاقة متجددة,248.4,0.12,فرصة واعدة
الرقة,صناعة هندسية,1132.0,0.34,فرصة واعدة
السويداء,زراعة حديثة,120.3,0.22,فرصة واعدة
حمص,زراعة حديثة,73.6,0.7,استثمار متوسط
حمص,تجارة إلكترونية,44.9,0.21,فرصة واعدة
اللاذقية,تصنيع غذائي,285.9,0.14,فرصة واعدة
حمص,تجارة إلكترونية,28.7,0.49,فرصة واعدة
طرطوس,خدمات تقنية,11.3,0.53,استثمار متوسط
إدلب,تصنيع غذائي,109.2,0.35,استثمار متوسط
اللاذقية,تصنيع غذائي,43.6,0.28,مخاطرة عالية
الحسكة,طاقة متجددة,416.8,0.63,فرصة واعدة
السويداء,خدمات تقنية,17.7,0.34,فرصة واعدة
طرطوس,زراعة حديثة,119.9,0.11,فرصة واعدة
القنيطرة,تجارة إلكترونية,17.9,0.19,فرصة واعدة
حلب,تصنيع غذائي,186.7,0.63,استثمار متوسط
الرقة,صناعة هندسية,186.2,0.33,مخاطرة عالية
دمشق,صناعة هندسية,958.6,0.55,فرصة واعدة
درعا,صناعة هندسية,516.4,0.57,استثمار متوسط
حلب,طاقة متجددة,84.8,0.67,مخاطرة عالية
إدلب,صناعة هندسية,833.2,0.48,فرصة واعدة
حمص,زراعة حديثة,82.3,0.64,فرصة واعدة
حمص,زراعة حديثة,124.7,0.3,فرصة واعدة
إدلب,خدمات تقنية,5.8,0.26,استثمار متوسط
درعا,طاقة متجددة,194.6,0.25,استثمار متوسط
الحسكة,طاقة متجددة,381.2,0.26,فرصة واعدة
حماة,خدمات تقنية,12.4,0.23,فرصة واعدة
السويداء,تجارة إلكترونية,11.9,0.66,مخاطرة عالية
القنيطرة,تصنيع غذائي,260.5,0.15,فرصة واعدة
اللاذقية,تجارة إلكترونية,13.9,0.36,استثمار متوسط
إدلب,طاقة متجددة,357.2,0.35,فرصة واعدة
السويداء,طاقة متجددة,108.4,0.5,مخاطرة عالية
حماة,طاقة متجددة,163.3,0.35,مخاطرة عالية
حماة,تصنيع غذائي,266.9,0.26,فرصة واعدة
حلب,خدمات تقنية,26.6,0.42,فرصة واعدة
الرقة,خدمات تقنية,8.9,0.34,استثمار متوسط
الحسكة,خدمات تقنية,16.5,0.33,فرصة واعدة
دير الزور,تصنيع غذائي,92.7,0.69,مخاطرة عالية
طرطوس,خدمات تقنية,29.7,0.24,فرصة واعدة
دمشق,تصنيع غذائي,192.9,0.33,فرصة واعدة
السويداء,زراعة حديثة,148.6,0.65,فرصة واعدة
القنيطرة,صناعة هندسية,349.0,0.54,استثمار متوسط
السويداء,تصنيع غذائي,49.0,0.17,مخاطرة عالية
طرطوس,صناعة هندسية,1024.4,0.6,فرصة واعدة
دمشق,صناعة هندسية,1155.3,0.67,فرصة واعدة
حماة,تجارة إلكترونية,10.8,0.31,استثمار متوسط
حمص,تجارة إلكترونية,34.2,0.2,فرصة واعدة
دمشق,تصنيع غذائي,258.1,0.21,فرصة واعدة
القنيطرة,زراعة حديثة,75.9,0.66,استثمار متوسط
القنيطرة,تجارة إلكترونية,10.3,0.64,مخاطرة عالية
السويداء,تصنيع غذائي,95.5,0.36,استثمار متوسط
دير الزور,تصنيع غذائي,41.4,0.63,مخاطرة عالية
اللاذقية,طاقة متجددة,126.4,0.19,مخاطرة عالية
درعا,خدمات تقنية,26.6,0.42,فرصة واعدة
السويداء,زراعة حديثة,131.2,0.5,فرصة واعدة
حماة,تجارة إلكترونية,30.7,0.12,فرصة واعدة
درعا,تصنيع غذائي,49.9,0.23,مخاطرة عالية
حماة,خدمات تقنية,5.8,0.44,مخاطرة عالية
دمشق,خدمات تقنية,7.6,0.12,استثمار متوسط
السويداء,تجارة إلكترونية,31.0,0.54,فرصة واعدة
الرقة,تجارة إلكترونية,15.9,0.59,استثمار متوسط
حماة,تصنيع غذائي,225.3,0.6,فرصة واعدة
إدلب,طاقة متجددة,279.2,0.68,استثمار متوسط
إدلب,تصنيع غذائي,179.5,0.51,فرصة واعدة
السويداء,خدمات تقنية,6.2,0.56,مخاطرة عالية
دير الزور,صناعة هندسية,302.0,0.4,استثمار متوسط
دير الزور,تجارة إلكترونية,38.3,0.14,فرصة واعدة
دمشق,صناعة هندسية,220.6,0.44,مخاطرة عالية
إدلب,تصنيع غذائي,93.7,0.66,استثمار متوسط
الحسكة,طاقة متجددة,444.4,0.17,فرصة واعدة
القنيطرة,تجارة إلكترونية,11.7,0.58,استثمار متوسط
اللاذقية,طاقة متجددة,472.8,0.57,فرصة واعدة
دير الزور,طاقة متجددة,252.9,0.55,استثمار متوسط
ريف دمشق,صناعة هندسية,738.5,0.26,فرصة واعدة
حلب,تجارة إلكترونية,41.9,0.11,فرصة واعدة
حلب,زراعة حديثة,79.1,0.68,استثمار متوسط
دمشق,خدمات تقنية,25.6,0.5,فرصة واعدة
السويداء,طاقة متجددة,501.7,0.32,فرصة واعدة
الرقة,زراعة حديثة,41.3,0.17,استثمار متوسط
السويداء,صناعة هندسية,1004.2,0.5,فرصة واعدة
حمص,زراعة حديثة,118.7,0.65,فرصة واعدة
اللاذقية,زراعة حديثة,126.1,0.41,فرصة واعدة
حمص,طاقة متجددة,462.8,0.43,فرصة واعدة
دير الزور,زراعة حديثة,110.8,0.61,فرصة واعدة
الحسكة,صناعة هندسية,427.3,0.67,استثمار متوسط
حلب,زراعة حديثة,115.4,0.18,فرصة واعدة
اللاذقية,خدمات تقنية,8.6,0.57,مخاطرة عالية
درعا,زراعة حديثة,76.8,0.34,فرصة واعدة
دمشق,تجارة إلكترونية,23.9,0.38,استثمار متوسط
حمص,تجارة إلكترونية,26.8,0.37,فرصة واعدة
ريف دمشق,خدمات تقنية,25.9,0.53,فرصة واعدة
حلب,طاقة متجددة,224.2,0.42,استثمار متوسط
حماة,تصنيع غذائي,251.2,0.2,فرصة واعدة
حلب,طاقة متجددة,309.3,0.16,فرصة واعدة
دير الزور,طاقة متجددة,380.6,0.14,فرصة واعدة
درعا,طاقة متجددة,552.1,0.23,فرصة واعدة
حمص,تصنيع غذائي,236.7,0.58,فرصة واعدة
طرطوس,تجارة إلكترونية,8.3,0.33,مخاطرة عالية
الحسكة,خدمات تقنية,27.3,0.49,فرصة واعدة
حماة,زراعة حديثة,110.6,0.52,فرصة واعدة
اللاذقية,خدمات تقنية,10.0,0.69,مخاطرة عالية
حلب,صناعة هندسية,1149.0,0.38,فرصة واعدة
ريف دمشق,خدمات تقنية,26.8,0.18,فرصة واعدة
حمص,صناعة هندسية,412.4,0.37,استثمار متوسط
اللاذقية,تجارة إلكترونية,31.6,0.58,فرصة واعدة
السويداء,زراعة حديثة,60.0,0.31,فرصة واعدة
درعا,طاقة متجددة,90.8,0.48,مخاطرة عالية
حلب,خدمات تقنية,29.0,0.31,فرصة واعدة
حماة,طاقة متجددة,574.3,0.25,فرصة واعدة
السويداء,زراعة حديثة,116.0,0.61,فرصة واعدة
حلب,تجارة إلكترونية,42.9,0.29,فرصة واعدة
الحسكة,صناعة هندسية,1004.1,0.47,فرصة واعدة
الحسكة,تجارة إلكترونية,6.9,0.5,مخاطرة عالية
دير الزور,طاقة متجددة,420.2,0.6,فرصة واعدة
حمص,زراعة حديثة,50.0,0.49,استثمار متوسط
دمشق,تصنيع غذائي,77.1,0.23,مخاطرة عالية
السويداء,تجارة إلكترونية,27.4,0.11,فرصة واعدة
دمشق,تصنيع غذائي,89.2,0.63,مخاطرة عالية
إدلب,تجارة إلكترونية,38.2,0.5,فرصة واعدة
الرقة,خدمات تقنية,15.4,0.68,فرصة واعدة
دمشق,صناعة هندسية,500.1,0.61,استثمار متوسط
ريف دمشق,صناعة هندسية,958.9,0.37,فرصة واعدة
إدلب,تصنيع غذائي,297.9,0.41,فرصة واعدة
حماة,تجارة إلكترونية,10.1,0.46,مخاطرة عالية
اللاذقية,تصنيع غذائي,286.4,0.41,فرصة واعدة
دير الزور,طاقة متجددة,396.9,0.28,فرصة واعدة
الحسكة,طاقة متجددة,491.6,0.68,فرصة واعدة
درعا,تجارة إلكترونية,31.4,0.53,فرصة واعدة
الرقة,زراعة حديثة,141.7,0.51,فرصة واعدة
درعا,تجارة إلكترونية,7.4,0.2,مخاطرة عالية
الحسكة,زراعة حديثة,93.9,0.14,فرصة واعدة
القنيطرة,زراعة حديثة,72.0,0.17,فرصة واعدة
السويداء,تجارة إلكترونية,22.1,0.39,فرصة واعدة
حماة,صناعة هندسية,685.5,0.55,فرصة واعدة
دمشق,زراعة حديثة,32.9,0.19,مخاطرة عالية
دمشق,صناعة هندسية,759.8,0.16,فرصة واعدة
درعا,تصنيع غذائي,204.9,0.33,فرصة واعدة
دمشق,طاقة متجددة,382.1,0.48,فرصة واعدة
إدلب,زراعة حديثة,52.1,0.12,استثمار متوسط
ريف دمشق,تصنيع غذائي,103.5,0.21,استثمار متوسط
السويداء,تجارة إلكترونية,20.9,0.65,فرصة واعدة
درعا,خدمات تقنية,14.7,0.65,فرصة واعدة
طرطوس,صناعة هندسية,1073.4,0.23,فرصة واعدة
حمص,تصنيع غذائي,158.1,0.65,فرصة واعدة
حلب,تصنيع غذائي,272.2,0.34,فرصة واعدة
طرطوس,خدمات تقنية,29.4,0.12,فرصة واعدة
ريف دمشق,زراعة حديثة,135.9,0.64,فرصة واعدة
الحسكة,صناعة هندسية,533.2,0.3,فرصة واعدة
حماة,طاقة متجددة,145.3,0.58,مخاطرة عالية
حماة,صناعة هندسية,686.4,0.27,فرصة واعدة
اللاذقية,تجارة إلكترونية,33.5,0.2,فرصة واعدة
حلب,تصنيع غذائي,286.3,0.47,فرصة واعدة
حماة,زراعة حديثة,72.5,0.22,فرصة واعدة
طرطوس,خدمات تقنية,10.4,0.57,استثمار متوسط
حلب,زراعة حديثة,61.3,0.11,فرصة واعدة
درعا,تصنيع غذائي,72.4,0.44,مخاطرة عالية
اللاذقية,زراعة حديثة,53.5,0.65,استثمار متوسط
طرطوس,تصنيع غذائي,130.7,0.5,استثمار متوسط
حمص,صناعة هندسية,887.0,0.23,فرصة واعدة
الحسكة,خدمات تقنية,11.3,0.25,فرصة واعدة
دمشق,صناعة هندسية,915.7,0.5,فرصة واعدة
حلب,زراعة حديثة,129.9,0.18,فرصة واعدة
الحسكة,خدمات تقنية,8.6,0.34,استثمار متوسط
الرقة,تجارة إلكترونية,27.0,0.16,فرصة واعدة
طرطوس,صناعة هندسية,419.3,0.2,فرصة واعدة
حمص,تجارة إلكترونية,29.0,0.62,فرصة واعدة
الحسكة,تصنيع غذائي,203.6,0.58,فرصة واعدة
ريف دمشق,تصنيع غذائي,232.4,0.28,فرصة واعدة
درعا,طاقة متجددة,422.3,0.59,فرصة واعدة
حلب,تجارة إلكترونية,6.3,0.55,مخاطرة عالية
إدلب,زراعة حديثة,25.2,0.11,مخاطرة عالية
طرطوس,صناعة هندسية,621.6,0.39,فرصة واعدة
حمص,زراعة حديثة,111.5,0.69,فرصة واعدة
القنيطرة,تصنيع غذائي,172.5,0.54,فرصة واعدة
اللاذقية,زراعة حديثة,62.0,0.27,فرصة واعدة
القنيطرة,زراعة حديثة,38.7,0.45,استثمار متوسط
اللاذقية,زراعة حديثة,71.4,0.37,فرصة واعدة
طرطوس,صناعة هندسية,214.3,0.28,مخاطرة عالية
ريف دمشق,صناعة هندسية,404.1,0.3,استثمار متوسط
دمشق,طاقة متجددة,214.3,0.3,استثمار متوسط
الحسكة,صناعة هندسية,448.7,0.12,فرصة واعدة
حمص,تصنيع غذائي,207.4,0.34,فرصة واعدة
حلب,تجارة إلكترونية,31.7,0.56,فرصة واعدة
طرطوس,تصنيع غذائي,81.8,0.16,استثمار متوسط
طرطوس,تصنيع غذائي,196.0,0.19,فرصة واعدة
اللاذقية,تصنيع غذائي,100.5,0.25,استثمار متوسط
حمص,خدمات تقنية,7.7,0.45,استثمار متوسط
حلب,طاقة متجددة,458.0,0.26,فرصة واعدة
اللاذقية,تصنيع غذائي,117.2,0.59,استثمار متوسط
السويداء,تجارة إلكترونية,19.3,0.29,فرصة واعدة
السويداء,صناعة هندسية,913.2,0.44,فرصة واعدة
الحسكة,زراعة حديثة,117.8,0.12,فرصة واعدة
الرقة,تصنيع غذائي,211.4,0.5,فرصة واعدة
الرقة,طاقة متجددة,494.1,0.13,فرصة واعدة
القنيطرة,تجارة إلكترونية,40.8,0.21,فرصة واعدة
حماة,طاقة متجددة,80.1,0.67,مخاطرة عالية
دمشق,خدمات تقنية,21.3,0.69,فرصة واعدة
الحسكة,صناعة هندسية,398.5,0.34,استثمار متوسط
ريف دمشق,تجارة إلكترونية,39.8,0.24,فرصة واعدة
القنيطرة,صناعة هندسية,573.3,0.58,استثمار متوسط
حمص,طاقة متجددة,396.5,0.59,فرصة واعدة
دمشق,طاقة متجددة,583.4,0.47,فرصة واعدة
حماة,تجارة إلكترونية,31.5,0.43,فرصة واعدة
ريف دمشق,تجارة إلكترونية,35.8,0.3,فرصة واعدة
إدلب,زراعة حديثة,115.0,0.55,فرصة واعدة
حماة,خدمات تقنية,4.9,0.53,مخاطرة عالية
طرطوس,خدمات تقنية,11.5,0.67,استثمار متوسط
ريف دمشق,طاقة متجددة,170.6,0.64,مخاطرة عالية
حمص,خدمات تقنية,4.9,0.47,مخاطرة عالية
اللاذقية,تجارة إلكترونية,45.0,0.65,فرصة واعدة
حلب,صناعة هندسية,460.6,0.39,مخاطرة عالية
إدلب,خدمات تقنية,29.6,0.12,فرصة واعدة
اللاذقية,تجارة إلكترونية,17.3,0.39,فرصة واعدة
اللاذقية,خدمات تقنية,25.5,0.22,فرصة واعدة
حلب,طاقة متجددة,273.0,0.1,استثمار متوسط
اللاذقية,تجارة إلكترونية,42.0,0.62,فرصة واعدة
القنيطرة,صناعة هندسية,374.7,0.52,استثمار متوسط
دمشق,خدمات تقنية,5.7,0.63,مخاطرة عالية
إدلب,زراعة حديثة,133.6,0.49,فرصة واعدة
إدلب,طاقة متجددة,239.8,0.21,فرصة واعدة
حمص,تصنيع غذائي,117.9,0.6,استثمار متوسط
السويداء,تجارة إلكترونية,31.3,0.43,فرصة واعدة
حماة,طاقة متجددة,388.4,0.57,فرصة واعدة
اللاذقية,تجارة إلكترونية,27.9,0.48,فرصة واعدة
دمشق,تصنيع غذائي,281.4,0.5,فرصة واعدة
دير الزور,صناعة هندسية,618.3,0.24,فرصة واعدة
حماة,صناعة هندسية,274.6,0.34,استثمار متوسط
القنيطرة,زراعة حديثة,149.1,0.14,فرصة واعدة
اللاذقية,زراعة حديثة,112.2,0.37,فرصة واعدة
حلب,صناعة هندسية,1104.3,0.35,فرصة واعدة
القنيطرة,تصنيع غذائي,244.0,0.7,فرصة واعدة
دمشق,صناعة هندسية,696.0,0.36,فرصة واعدة
طرطوس,خدمات تقنية,4.5,0.35,مخاطرة عالية
حمص,تصنيع غذائي,47.8,0.5,مخاطرة عالية
القنيطرة,تصنيع غذائي,47.8,0.37,مخاطرة عالية
حمص,تصنيع غذائي,252.9,0.69,فرصة واعدة
درعا,تجارة إلكترونية,22.2,0.65,فرصة واعدة
السويداء,زراعة حديثة,42.4,0.46,مخاطرة عالية
ريف دمشق,خدمات تقنية,4.7,0.62,مخاطرة عالية
السويداء,زراعة حديثة,68.1,0.53,استثمار متوسط
دير الزور,صناعة هندسية,621.3,0.24,فرصة واعدة
دير الزور,تصنيع غذائي,216.1,0.61,فرصة واعدة
الحسكة,طاقة متجددة,268.0,0.11,فرصة واعدة
دير الزور,صناعة هندسية,773.1,0.43,فرصة واعدة
اللاذقية,تجارة إلكترونية,38.8,0.28,فرصة واعدة
اللاذقية,تجارة إلكترونية,22.8,0.47,فرصة واعدة
دير الزور,خدمات تقنية,10.4,0.39,استثمار متوسط
دير الزور,خدمات تقنية,16.9,0.24,فرصة واعدة
إدلب,خدمات تقنية,18.7,0.17,فرصة واعدة
الرقة,صناعة هندسية,988.1,0.2,فرصة واعدة
حمص,تجارة إلكترونية,26.0,0.6,فرصة واعدة
درعا,زراعة حديثة,37.0,0.28,استثمار متوسط
الرقة,تجارة إلكترونية,15.6,0.67,استثمار متوسط
اللاذقية,تصنيع غذائي,180.7,0.27,فرصة واعدة
حماة,طاقة متجددة,488.4,0.64,فرصة واعدة
السويداء,صناعة هندسية,414.8,0.62,استثمار متوسط
حماة,تصنيع غذائي,261.4,0.54,فرصة واعدة
الحسكة,تصنيع غذائي,90.3,0.55,مخاطرة عالية
الرقة,خدمات تقنية,12.2,0.34,استثمار متوسط
دير الزور,زراعة حديثة,28.8,0.43,مخاطرة عالية
دير الزور,زراعة حديثة,32.6,0.16,استثمار متوسط
القنيطرة,خدمات تقنية,12.8,0.44,فرصة واعدة
إدلب,طاقة متجددة,127.7,0.4,مخاطرة عالية
الرقة,طاقة متجددة,515.8,0.18,فرصة واعدة
درعا,زراعة حديثة,30.3,0.44,مخاطرة عالية
السويداء,تصنيع غذائي,228.6,0.59,فرصة واعدة
ريف دمشق,صناعة هندسية,740.4,0.14,فرصة واعدة
حلب,صناعة هندسية,382.1,0.27,استثمار متوسط
الرقة,خدمات تقنية,22.3,0.66,فرصة واعدة
القنيطرة,خدمات تقنية,7.1,0.18,استثمار متوسط
طرطوس,تصنيع غذائي,75.5,0.41,مخاطرة عالية
دير الزور,خدمات تقنية,8.0,0.64,مخاطرة عالية
اللاذقية,صناعة هندسية,420.7,0.6,استثمار متوسط
إدلب,طاقة متجددة,319.5,0.32,فرصة واعدة
حلب,تصنيع غذائي,95.7,0.37,استثمار متوسط
حمص,طاقة متجددة,356.4,0.29,فرصة واعدة
درعا,تصنيع غذائي,203.3,0.36,فرصة واعدة
حمص,زراعة حديثة,75.4,0.6,استثمار متوسط
اللاذقية,زراعة حديثة,140.8,0.46,فرصة واعدة
دمشق,تصنيع غذائي,163.2,0.56,فرصة واعدة
حمص,طاقة متجددة,321.8,0.35,فرصة واعدة
حماة,خدمات تقنية,15.3,0.47,فرصة واعدة
دير الزور,طاقة متجددة,487.0,0.33,فرصة واعدة
ريف دمشق,طاقة متجددة,491.8,0.46,فرصة واعدة
درعا,تجارة إلكترونية,9.8,0.39,مخاطرة عالية
إدلب,تجارة إلكترونية,8.8,0.31,مخاطرة عالية
الرقة,صناعة هندسية,754.7,0.42,فرصة واعدة
اللاذقية,تجارة إلكترونية,18.0,0.21,فرصة واعدة
اللاذقية,صناعة هندسية,1091.9,0.65,فرصة واعدة
حلب,زراعة حديثة,134.5,0.47,فرصة واعدة
طرطوس,تجارة إلكترونية,33.3,0.2,فرصة واعدة
حماة,خدمات تقنية,15.1,0.2,فرصة واعدة
ريف دمشق,تجارة إلكترونية,22.2,0.2,فرصة واعدة
حلب,تجارة إلكترونية,17.7,0.58,مخاطرة عالية
حلب,تصنيع غذائي,47.5,0.32,مخاطرة عالية
حماة,صناعة هندسية,273.0,0.63,مخاطرة عالية
السويداء,زراعة حديثة,110.0,0.67,فرصة واعدة
حماة,زراعة حديثة,112.5,0.62,فرصة واعدة
دمشق,تصنيع غذائي,225.5,0.64,فرصة واعدة
طرطوس,زراعة حديثة,108.0,0.42,فرصة واعدة
إدلب,تجارة إلكترونية,10.5,0.38,مخاطرة عالية
اللاذقية,تصنيع غذائي,114.4,0.5,استثمار متوسط
السويداء,تصنيع غذائي,40.0,0.47,مخاطرة عالية
القنيطرة,صناعة هندسية,1132.7,0.26,فرصة واعدة
الرقة,زراعة حديثة,143.7,0.26,فرصة واعدة
السويداء,زراعة حديثة,86.3,0.6,فرصة واعدة
القنيطرة,خدمات تقنية,27.6,0.59,فرصة واعدة
الرقة,خدمات تقنية,19.5,0.58,فرصة واعدة
حماة,تصنيع غذائي,171.2,0.47,فرصة واعدة
دمشق,طاقة متجددة,261.6,0.48,استثمار متوسط
الرقة,خدمات تقنية,21.4,0.38,فرصة واعدة
دير الزور,طاقة متجددة,414.8,0.34,فرصة واعدة
ريف دمشق,تصنيع غذائي,239.6,0.64,فرصة واعدة
القنيطرة,صناعة هندسية,627.5,0.47,فرصة واعدة
حلب,طاقة متجددة,135.9,0.11,استثمار متوسط
طرطوس,طاقة متجددة,482.1,0.14,فرصة واعدة
ريف دمشق,خدمات تقنية,13.8,0.28,فرصة واعدة
حمص,تجارة إلكترونية,27.7,0.51,فرصة واعدة
الحسكة,خدمات تقنية,18.3,0.18,فرصة واعدة
طرطوس,تصنيع غذائي,153.7,0.13,فرصة واعدة
حمص,تجارة إلكترونية,23.0,0.55,فرصة واعدة
الحسكة,خدمات تقنية,29.0,0.31,فرصة واعدة
حلب,طاقة متجددة,261.0,0.64,استثمار متوسط
حماة,تصنيع غذائي,285.9,0.56,فرصة واعدة
السويداء,صناعة هندسية,486.1,0.33,فرصة واعدة
السويداء,تصنيع غذائي,163.0,0.43,فرصة واعدة
القنيطرة,طاقة متجددة,230.7,0.17,فرصة واعدة
إدلب,تجارة إلكترونية,31.4,0.65,فرصة واعدة
حمص,طاقة متجددة,139.3,0.46,مخاطرة عالية
حلب,زراعة حديثة,82.3,0.61,استثمار متوسط
ريف دمشق,صناعة هندسية,1017.3,0.68,فرصة واعدة
القنيطرة,تصنيع غذائي,280.8,0.56,فرصة واعدة
اللاذقية,صناعة هندسية,1135.2,0.37,فرصة واعدة
الحسكة,زراعة حديثة,111.7,0.36,فرصة واعدة
اللاذقية,تصنيع غذائي,103.2,0.23,استثمار متوسط
السويداء,خدمات تقنية,11.4,0.48,استثمار متوسط
دمشق,خدمات تقنية,11.1,0.46,مخاطرة عالية
حماة,زراعة حديثة,54.7,0.32,استثمار متوسط
إدلب,طاقة متجددة,97.0,0.39,مخاطرة عالية
طرطوس,تصنيع غذائي,254.0,0.15,فرصة واعدة
حماة,طاقة متجددة,134.5,0.3,استثمار متوسط
القنيطرة,صناعة هندسية,780.5,0.39,فرصة واعدة
الحسكة,تجارة إلكترونية,31.3,0.2,فرصة واعدة
اللاذقية,تصنيع غذائي,229.3,0.21,فرصة واعدة
اللاذقية,صناعة هندسية,768.9,0.59,فرصة واعدة
حلب,زراعة حديثة,54.2,0.15,استثمار متوسط
طرطوس,صناعة هندسية,291.9,0.37,استثمار متوسط
اللاذقية,زراعة حديثة,47.9,0.16,استثمار متوسط
اللاذقية,خدمات تقنية,7.3,0.6,مخاطرة عالية
حمص,تجارة إلكترونية,17.6,0.5,استثمار متوسط
الرقة,زراعة حديثة,114.9,0.58,فرصة واعدة
دير الزور,طاقة متجددة,327.4,0.28,فرصة واعدة
دير الزور,خدمات تقنية,25.2,0.4,فرصة واعدة
إدلب,خدمات تقنية,24.8,0.36,فرصة واعدة
درعا,زراعة حديثة,122.8,0.46,فرصة واعدة
حماة,زراعة حديثة,115.3,0.57,فرصة واعدة
حلب,زراعة حديثة,149.1,0.39,فرصة واعدة
ريف دمشق,تصنيع غذائي,297.6,0.2,فرصة واعدة
الحسكة,صناعة هندسية,598.8,0.5,فرصة واعدة
الحسكة,خدمات تقنية,16.7,0.11,فرصة واعدة
القنيطرة,تصنيع غذائي,297.9,0.33,فرصة واعدة
إدلب,طاقة متجددة,543.5,0.24,فرصة واعدة
دمشق,صناعة هندسية,783.2,0.59,استثمار متوسط
القنيطرة,صناعة هندسية,892.3,0.63,فرصة واعدة
حمص,زراعة حديثة,40.2,0.57,استثمار متوسط
دمشق,زراعة حديثة,53.7,0.35,استثمار متوسط
الرقة,تجارة إلكترونية,9.1,0.24,مخاطرة عالية
السويداء,زراعة حديثة,112.2,0.4,فرصة واعدة
الحسكة,تجارة إلكترونية,20.5,0.57,استثمار متوسط
درعا,تصنيع غذائي,220.2,0.49,فرصة واعدة
ريف دمشق,صناعة هندسية,230.2,0.41,مخاطرة عالية
حلب,خدمات تقنية,22.9,0.67,فرصة واعدة
اللاذقية,تصنيع غذائي,61.9,0.16,استثمار متوسط
دير الزور,صناعة هندسية,186.7,0.29,مخاطرة عالية
حلب,صناعة هندسية,729.1,0.29,فرصة واعدة
القنيطرة,خدمات تقنية,13.1,0.11,فرصة واعدة
دير الزور,تجارة إلكترونية,36.0,0.29,فرصة واعدة
ريف دمشق,خدمات تقنية,29.0,0.23,فرصة واعدة
الحسكة,زراعة حديثة,91.9,0.26,فرصة واعدة
ريف دمشق,زراعة حديثة,110.8,0.45,فرصة واعدة
اللاذقية,تجارة إلكترونية,21.8,0.26,فرصة واعدة
حماة,تجارة إلكترونية,12.1,0.29,استثمار متوسط
اللاذقية,خدمات تقنية,12.7,0.54,فرصة واعدة
درعا,خدمات تقنية,26.5,0.44,فرصة واعدة
درعا,زراعة حديثة,54.2,0.32,استثمار متوسط
دمشق,صناعة هندسية,758.5,0.64,فرصة واعدة
اللاذقية,تصنيع غذائي,54.6,0.68,مخاطرة عالية
حلب,تصنيع غذائي,259.9,0.36,فرصة واعدة
دير الزور,خدمات تقنية,14.3,0.24,فرصة واعدة
إدلب,تصنيع غذائي,222.6,0.39,فرصة واعدة
السويداء,تصنيع غذائي,224.5,0.18,فرصة واعدة
دير الزور,تجارة إلكترونية,20.7,0.4,فرصة واعدة
حمص,صناعة هندسية,1048.0,0.36,فرصة واعدة
درعا,زراعة حديثة,133.8,0.32,فرصة واعدة
دير الزور,طاقة متجددة,400.7,0.62,فرصة واعدة
القنيطرة,تصنيع غذائي,61.5,0.2,استثمار متوسط
طرطوس,صناعة هندسية,411.3,0.23,فرصة واعدة
اللاذقية,طاقة متجددة,507.4,0.15,فرصة واعدة
إدلب,تصنيع غذائي,91.2,0.56,مخاطرة عالية
دمشق,تجارة إلكترونية,28.6,0.66,استثمار متوسط
الرقة,تجارة إلكترونية,28.2,0.13,فرصة واعدة
السويداء,زراعة حديثة,131.0,0.11,فرصة واعدة
دمشق,خدمات تقنية,14.1,0.36,استثمار متوسط
حماة,تصنيع غذائي,217.3,0.12,فرصة واعدة
السويداء,خدمات تقنية,19.0,0.11,فرصة واعدة
حلب,خدمات تقنية,10.2,0.57,مخاطرة عالية
الحسكة,تجارة إلكترونية,31.5,0.25,فرصة واعدة
ريف دمشق,صناعة هندسية,815.2,0.53,فرصة واعدة
السويداء,تجارة إلكترونية,10.2,0.39,استثمار متوسط
حلب,صناعة هندسية,632.9,0.51,فرصة واعدة
القنيطرة,طاقة متجددة,545.0,0.25,فرصة واعدة
القنيطرة,تصنيع غذائي,240.8,0.44,فرصة واعدة
السويداء,تصنيع غذائي,212.7,0.7,فرصة واعدة
اللاذقية,خدمات تقنية,29.7,0.65,فرصة واعدة
القنيطرة,تجارة إلكترونية,17.9,0.69,استثمار متوسط
ريف دمشق,تجارة إلكترونية,27.2,0.34,فرصة واعدة
دير الزور,طاقة متجددة,402.7,0.64,فرصة واعدة
السويداء,صناعة هندسية,732.0,0.11,فرصة واعدة
حلب,طاقة متجددة,293.9,0.51,استثمار متوسط
السويداء,خدمات تقنية,6.0,0.26,مخاطرة عالية
دير الزور,صناعة هندسية,197.2,0.37,مخاطرة عالية
حلب,تصنيع غذائي,84.0,0.58,مخاطرة عالية
السويداء,صناعة هندسية,265.7,0.14,استثمار متوسط
الحسكة,تصنيع غذائي,238.9,0.69,فرصة واعدة
طرطوس,طاقة متجددة,334.0,0.21,فرصة واعدة
حمص,زراعة حديثة,138.3,0.36,فرصة واعدة
دمشق,خدمات تقنية,12.7,0.19,استثمار متوسط
حلب,زراعة حديثة,130.2,0.54,فرصة واعدة
السويداء,تجارة إلكترونية,29.0,0.48,فرصة واعدة
طرطوس,صناعة هندسية,750.8,0.49,فرصة واعدة
دير الزور,خدمات تقنية,25.0,0.24,فرصة واعدة
القنيطرة,زراعة حديثة,110.7,0.59,فرصة واعدة
حماة,خدمات تقنية,26.4,0.7,فرصة واعدة
الرقة,زراعة حديثة,101.4,0.58,فرصة واعدة
حماة,صناعة هندسية,1024.9,0.66,فرصة واعدة
حلب,طاقة متجددة,229.1,0.53,مخاطرة عالية
حلب,صناعة هندسية,211.8,0.12,مخاطرة عالية
حمص,تجارة إلكترونية,35.8,0.48,فرصة واعدة
حلب,تجارة إلكترونية,26.2,0.42,استثمار متوسط
دمشق,تصنيع غذائي,293.5,0.25,فرصة واعدة
دمشق,زراعة حديثة,134.8,0.41,فرصة واعدة
الرقة,صناعة هندسية,422.0,0.28,استثمار متوسط
درعا,زراعة حديثة,99.6,0.51,فرصة واعدة
القنيطرة,تجارة إلكترونية,40.2,0.48,فرصة واعدة
القنيطرة,تصنيع غذائي,114.8,0.7,استثمار متوسط
إدلب,صناعة هندسية,400.8,0.26,استثمار متوسط
درعا,زراعة حديثة,116.3,0.38,فرصة واعدة
طرطوس,تصنيع غذائي,291.1,0.2,فرصة واعدة
الحسكة,زراعة حديثة,94.0,0.37,فرصة واعدة
درعا,زراعة حديثة,71.1,0.43,فرصة واعدة
ريف دمشق,طاقة متجددة,310.3,0.63,فرصة واعدة
اللاذقية,طاقة متجددة,548.2,0.4,فرصة واعدة
ريف دمشق,صناعة هندسية,699.0,0.5,فرصة واعدة
إدلب,زراعة حديثة,115.1,0.66,فرصة واعدة
طرطوس,تصنيع غذائي,120.2,0.14,فرصة واعدة
حماة,خدمات تقنية,4.7,0.23,مخاطرة عالية
درعا,زراعة حديثة,36.3,0.37,مخاطرة عالية
حماة,تجارة إلكترونية,32.6,0.28,فرصة واعدة
القنيطرة,زراعة حديثة,20.8,0.2,مخاطرة عالية
حماة,تصنيع غذائي,258.5,0.65,فرصة واعدة
القنيطرة,تصنيع غذائي,212.4,0.45,فرصة واعدة
حلب,صناعة هندسية,601.6,0.32,فرصة واعدة
الحسكة,صناعة هندسية,775.9,0.31,فرصة واعدة
حمص,طاقة متجددة,555.8,0.25,فرصة واعدة
حماة,طاقة متجددة,418.8,0.67,فرصة واعدة
الحسكة,تصنيع غذائي,200.8,0.6,فرصة واعدة
القنيطرة,خدمات تقنية,17.2,0.17,فرصة واعدة
حماة,صناعة هندسية,875.4,0.63,فرصة واعدة
القنيطرة,تصنيع غذائي,197.2,0.12,فرصة واعدة
القنيطرة,خدمات تقنية,21.0,0.3,فرصة واعدة
الحسكة,طاقة متجددة,397.8,0.44,فرصة واعدة
حماة,خدمات تقنية,13.7,0.23,فرصة واعدة
القنيطرة,خدمات تقنية,13.6,0.33,فرصة واعدة
الرقة,تصنيع غذائي,165.8,0.4,فرصة واعدة
حلب,زراعة حديثة,62.8,0.54,استثمار متوسط
حمص,زراعة حديثة,123.2,0.64,فرصة واعدة
دمشق,تصنيع غذائي,237.0,0.48,فرصة واعدة
ريف دمشق,طاقة متجددة,96.4,0.3,مخاطرة عالية
طرطوس,خدمات تقنية,26.2,0.41,فرصة واعدة
طرطوس,تصنيع غذائي,145.5,0.43,فرصة واعدة
دير الزور,تجارة إلكترونية,26.2,0.45,فرصة واعدة
القنيطرة,طاقة متجددة,453.3,0.32,فرصة واعدة
إدلب,طاقة متجددة,446.2,0.14,فرصة واعدة
حماة,تصنيع غذائي,147.5,0.29,فرصة واعدة
الرقة,تصنيع غذائي,166.0,0.68,فرصة واعدة
الرقة,صناعة هندسية,632.3,0.66,فرصة واعدة
الحسكة,طاقة متجددة,477.2,0.64,فرصة واعدة
حلب,طاقة متجددة,294.1,0.22,استثمار متوسط
دير الزور,خدمات تقنية,28.8,0.34,فرصة واعدة
السويداء,تجارة إلكترونية,11.4,0.46,مخاطرة عالية
السويداء,خدمات تقنية,14.5,0.59,استثمار متوسط
الحسكة,طاقة متجددة,289.7,0.23,فرصة واعدة
ريف دمشق,زراعة حديثة,89.3,0.15,فرصة واعدة
الرقة,تجارة إلكترونية,17.4,0.23,فرصة واعدة
الرقة,تجارة إلكترونية,16.6,0.59,استثمار متوسط
السويداء,تصنيع غذائي,291.4,0.64,فرصة واعدة
اللاذقية,تجارة إلكترونية,10.6,0.54,مخاطرة عالية
اللاذقية,زراعة حديثة,102.4,0.57,فرصة واعدة
إدلب,تجارة إلكترونية,17.4,0.41,فرصة واعدة
حمص,زراعة حديثة,138.0,0.38,فرصة واعدة
طرطوس,خدمات تقنية,24.6,0.58,فرصة واعدة
إدلب,خدمات تقنية,5.3,0.45,مخاطرة عالية
درعا,خدمات تقنية,29.9,0.26,فرصة واعدة
إدلب,تجارة إلكترونية,26.9,0.42,فرصة واعدة
الحسكة,زراعة حديثة,116.7,0.2,فرصة واعدة
الرقة,تجارة إلكترونية,9.7,0.37,استثمار متوسط
طرطوس,تجارة إلكترونية,34.5,0.29,فرصة واعدة
حمص,طاقة متجددة,478.2,0.16,فرصة واعدة
حلب,تصنيع غذائي,261.7,0.32,فرصة واعدة
حلب,صناعة هندسية,336.4,0.29,مخاطرة عالية
دمشق,تصنيع غذائي,267.6,0.41,فرصة واعدة
إدلب,خدمات تقنية,9.7,0.53,استثمار متوسط
الحسكة,زراعة حديثة,142.3,0.19,فرصة واعدة
حمص,زراعة حديثة,76.2,0.19,فرصة واعدة
القنيطرة,زراعة حديثة,63.5,0.22,فرصة واعدة
حلب,صناعة هندسية,744.9,0.41,فرصة واعدة
حمص,طاقة متجددة,138.6,0.11,استثمار متوسط
حماة,زراعة حديثة,86.0,0.47,فرصة واعدة
درعا,خدمات تقنية,6.3,0.57,مخاطرة عالية
دمشق,طاقة متجددة,475.4,0.34,فرصة واعدة
الحسكة,زراعة حديثة,98.6,0.55,فرصة واعدة
دير الزور,طاقة متجددة,442.1,0.28,فرصة واعدة
دير الزور,صناعة هندسية,653.1,0.23,فرصة واعدة
دير الزور,تجارة إلكترونية,44.7,0.49,فرصة واعدة
الحسكة,تصنيع غذائي,159.9,0.34,فرصة واعدة
إدلب,تصنيع غذائي,216.1,0.16,فرصة واعدة
الحسكة,خدمات تقنية,29.3,0.18,فرصة واعدة
دمشق,خدمات تقنية,16.6,0.52,فرصة واعدة
دير الزور,زراعة حديثة,87.6,0.13,فرصة واعدة
حمص,تجارة إلكترونية,44.5,0.38,فرصة واعدة
إدلب,زراعة حديثة,131.3,0.38,فرصة واعدة
دمشق,طاقة متجددة,494.9,0.35,فرصة واعدة
الرقة,زراعة حديثة,103.3,0.2,فرصة واعدة
دمشق,تصنيع غذائي,110.6,0.23,استثمار متوسط
الحسكة,زراعة حديثة,113.5,0.59,فرصة واعدة
ريف دمشق,طاقة متجددة,322.2,0.59,فرصة واعدة
ريف دمشق,صناعة هندسية,189.5,0.58,مخاطرة عالية
الحسكة,تصنيع غذائي,233.5,0.22,فرصة واعدة
اللاذقية,تصنيع غذائي,56.3,0.11,استثمار متوسط
حماة,طاقة متجددة,595.5,0.59,فرصة واعدة
دمشق,زراعة حديثة,70.3,0.44,استثمار متوسط
دمشق,طاقة متجددة,187.1,0.63,مخاطرة عالية
درعا,خدمات تقنية,24.8,0.49,فرصة واعدة
السويداء,تصنيع غذائي,199.4,0.28,فرصة واعدة
طرطوس,تصنيع غذائي,242.5,0.17,فرصة واعدة
الحسكة,تصنيع غذائي,172.2,0.45,فرصة واعدة
الرقة,تصنيع غذائي,99.8,0.61,استثمار متوسط
حمص,صناعة هندسية,1180.5,0.2,فرصة واعدة
حمص,زراعة حديثة,68.3,0.11,فرصة واعدة
السويداء,صناعة هندسية,269.2,0.67,مخاطرة عالية
الرقة,تصنيع غذائي,256.1,0.56,فرصة واعدة
دمشق,صناعة هندسية,496.8,0.36,استثمار متوسط
الحسكة,صناعة هندسية,365.6,0.43,استثمار متوسط
الرقة,خدمات تقنية,18.7,0.35,فرصة واعدة
الحسكة,صناعة هندسية,353.9,0.53,مخاطرة عالية
درعا,تصنيع غذائي,186.8,0.22,فرصة واعدة
دير الزور,زراعة حديثة,54.3,0.12,فرصة واعدة
الرقة,تصنيع غذائي,179.1,0.47,فرصة واعدة
دمشق,تصنيع غذائي,165.1,0.17,فرصة واعدة
الحسكة,خدمات تقنية,12.8,0.34,فرصة واعدة
حمص,خدمات تقنية,23.3,0.35,فرصة واعدة
درعا,صناعة هندسية,493.5,0.43,استثمار متوسط
درعا,تصنيع غذائي,249.1,0.34,فرصة واعدة
القنيطرة,خدمات تقنية,18.6,0.65,فرصة واعدة
دمشق,زراعة حديثة,98.6,0.49,فرصة واعدة
القنيطرة,صناعة هندسية,574.7,0.3,فرصة واعدة
اللاذقية,صناعة هندسية,515.6,0.56,استثمار متوسط
ريف دمشق,صناعة هندسية,589.1,0.57,فرصة واعدة
السويداء,تصنيع غذائي,178.9,0.53,فرصة واعدة
القنيطرة,زراعة حديثة,45.9,0.7,استثمار متوسط
اللاذقية,صناعة هندسية,1193.5,0.25,فرصة واعدة
درعا,زراعة حديثة,132.8,0.5,فرصة واعدة
الحسكة,طاقة متجددة,573.5,0.25,فرصة واعدة
الحسكة,طاقة متجددة,344.7,0.53,فرصة واعدة
ريف دمشق,تصنيع غذائي,115.6,0.47,استثمار متوسط
السويداء,تصنيع غذائي,43.8,0.19,مخاطرة عالية
درعا,تجارة إلكترونية,26.7,0.13,فرصة واعدة
الحسكة,خدمات تقنية,27.0,0.45,فرصة واعدة
درعا,خدمات تقنية,17.4,0.11,فرصة واعدة
السويداء,صناعة هندسية,710.0,0.47,فرصة واعدة
الحسكة,طاقة متجددة,306.8,0.4,فرصة واعدة
اللاذقية,تجارة إلكترونية,28.5,0.27,فرصة واعدة
درعا,طاقة متجددة,480.7,0.37,فرصة واعدة
القنيطرة,صناعة هندسية,1106.0,0.19,فرصة واعدة
درعا,تصنيع غذائي,163.6,0.68,فرصة واعدة
ريف دمشق,طاقة متجددة,475.9,0.38,فرصة واعدة
حماة,زراعة حديثة,20.1,0.49,مخاطرة عالية
القنيطرة,تجارة إلكترونية,22.1,0.37,فرصة واعدة
حماة,طاقة متجددة,335.6,0.57,فرصة واعدة
دير الزور,طاقة متجددة,565.1,0.23,فرصة واعدة
دمشق,طاقة متجددة,311.6,0.16,فرصة واعدة
طرطوس,خدمات تقنية,27.3,0.64,فرصة واعدة
الرقة,زراعة حديثة,101.8,0.51,فرصة واعدة
إدلب,صناعة هندسية,246.4,0.3,مخاطرة عالية
الحسكة,طاقة متجددة,311.7,0.21,فرصة واعدة
دير الزور,خدمات تقنية,9.5,0.34,استثمار متوسط
درعا,زراعة حديثة,86.5,0.36,فرصة واعدة
درعا,تصنيع غذائي,154.0,0.66,فرصة واعدة
اللاذقية,طاقة متجددة,587.7,0.38,فرصة واعدة
درعا,طاقة متجددة,421.4,0.51,فرصة واعدة
درعا,طاقة متجددة,116.2,0.47,مخاطرة عالية
القنيطرة,صناعة هندسية,813.4,0.18,فرصة واعدة
حماة,صناعة هندسية,1037.9,0.57,فرصة واعدة
الرقة,تجارة إلكترونية,38.9,0.25,فرصة واعدة
درعا,تصنيع غذائي,74.2,0.32,مخاطرة عالية
حلب,تصنيع غذائي,40.4,0.22,مخاطرة عالية
دير الزور,تصنيع غذائي,62.0,0.18,مخاطرة عالية
القنيطرة,طاقة متجددة,528.7,0.63,فرصة واعدة
الرقة,صناعة هندسية,1167.4,0.49,فرصة واعدة
القنيطرة,طاقة متجددة,506.2,0.62,فرصة واعدة
درعا,تجارة إلكترونية,24.7,0.12,فرصة واعدة
دمشق,صناعة هندسية,975.8,0.19,فرصة واعدة
حلب,تجارة إلكترونية,36.2,0.47,فرصة واعدة
السويداء,زراعة حديثة,32.4,0.12,استثمار متوسط
حماة,تصنيع غذائي,40.4,0.31,مخاطرة عالية
اللاذقية,طاقة متجددة,491.9,0.32,فرصة واعدة
حماة,خدمات تقنية,18.9,0.19,فرصة واعدة
درعا,زراعة حديثة,36.4,0.25,استثمار متوسط
القنيطرة,طاقة متجددة,570.2,0.2,فرصة واعدة
ريف دمشق,تصنيع غذائي,193.6,0.49,فرصة واعدة
حمص,طاقة متجددة,362.4,0.14,فرصة واعدة
القنيطرة,زراعة حديثة,100.8,0.4,فرصة واعدة
اللاذقية,خدمات تقنية,14.7,0.41,فرصة واعدة
السويداء,صناعة هندسية,1171.4,0.47,فرصة واعدة
درعا,صناعة هندسية,1056.9,0.19,فرصة واعدة
درعا,طاقة متجددة,367.8,0.22,فرصة واعدة
دمشق,تجارة إلكترونية,7.4,0.25,مخاطرة عالية
حمص,تجارة إلكترونية,31.6,0.38,فرصة واعدة
حلب,زراعة حديثة,69.8,0.18,استثمار متوسط
طرطوس,زراعة حديثة,145.9,0.61,فرصة واعدة
دير الزور,صناعة هندسية,322.8,0.22,استثمار متوسط
طرطوس,خدمات تقنية,26.8,0.63,فرصة واعدة
القنيطرة,خدمات تقنية,15.1,0.58,فرصة واعدة
إدلب,طاقة متجددة,208.0,0.3,استثمار متوسط
حلب,تصنيع غذائي,124.2,0.11,فرصة واعدة
الحسكة,خدمات تقنية,16.2,0.31,فرصة واعدة
دمشق,زراعة حديثة,22.7,0.23,مخاطرة عالية
حلب,تجارة إلكترونية,34.5,0.28,فرصة واعدة
اللاذقية,طاقة متجددة,297.0,0.18,فرصة واعدة
الرقة,طاقة متجددة,441.5,0.28,فرصة واعدة
حمص,تصنيع غذائي,289.8,0.62,فرصة واعدة
القنيطرة,طاقة متجددة,274.9,0.31,فرصة واعدة
حلب,زراعة حديثة,82.9,0.68,استثمار متوسط
اللاذقية,خدمات تقنية,25.5,0.6,فرصة واعدة
طرطوس,تصنيع غذائي,274.0,0.5,فرصة واعدة
إدلب,تجارة إلكترونية,31.7,0.12,فرصة واعدة
حمص,طاقة متجددة,395.0,0.21,فرصة واعدة
دمشق,طاقة متجددة,206.3,0.56,استثمار متوسط
درعا,تصنيع غذائي,156.1,0.17,فرصة واعدة
درعا,تصنيع غذائي,98.0,0.62,مخاطرة عالية
السويداء,تصنيع غذائي,133.9,0.27,فرصة واعدة
درعا,طاقة متجددة,495.1,0.41,فرصة واعدة
ريف دمشق,خدمات تقنية,29.2,0.67,فرصة واعدة
حمص,صناعة هندسية,545.2,0.27,فرصة واعدة
الرقة,تجارة إلكترونية,18.8,0.68,استثمار متوسط
السويداء,خدمات تقنية,9.1,0.28,استثمار متوسط
إدلب,زراعة حديثة,96.7,0.35,فرصة واعدة
اللاذقية,تصنيع غذائي,230.7,0.42,فرصة واعدة
الحسكة,زراعة حديثة,94.3,0.12,فرصة واعدة
ريف دمشق,خدمات تقنية,8.7,0.68,مخاطرة عالية
حمص,صناعة هندسية,923.4,0.42,فرصة واعدة
حمص,تصنيع غذائي,40.5,0.15,استثمار متوسط
دير الزور,طاقة متجددة,272.2,0.43,فرصة واعدة
دير الزور,زراعة حديثة,139.1,0.47,فرصة واعدة
دير الزور,تصنيع غذائي,103.8,0.3,فرصة واعدة
إدلب,تصنيع غذائي,113.6,0.65,مخاطرة عالية
الحسكة,تصنيع غذائي,87.0,0.58,مخاطرة عالية
طرطوس,تجارة إلكترونية,15.1,0.47,استثمار متوسط
حمص,خدمات تقنية,19.9,0.63,فرصة واعدة
ريف دمشق,خدمات تقنية,4.1,0.1,مخاطرة عالية
حلب,زراعة حديثة,137.3,0.33,فرصة واعدة
طرطوس,خدمات تقنية,19.7,0.54,فرصة واعدة
ريف دمشق,تجارة إلكترونية,18.6,0.1,فرصة واعدة
الحسكة,خدمات تقنية,20.7,0.52,فرصة واعدة
ريف دمشق,تجارة إلكترونية,11.3,0.17,استثمار متوسط
إدلب,صناعة هندسية,268.0,0.4,استثمار متوسط
ريف دمشق,صناعة هندسية,879.3,0.29,فرصة واعدة
حلب,صناعة هندسية,233.9,0.28,مخاطرة عالية
ريف دمشق,طاقة متجددة,333.6,0.45,فرصة واعدة
دمشق,تجارة إلكترونية,14.8,0.4,مخاطرة عالية
الرقة,صناعة هندسية,243.2,0.4,مخاطرة عالية
الرقة,زراعة حديثة,115.2,0.46,فرصة واعدة
الرقة,زراعة حديثة,145.4,0.22,فرصة واعدة
حماة,خدمات تقنية,5.2,0.69,مخاطرة عالية
إدلب,صناعة هندسية,590.9,0.33,فرصة واعدة
الحسكة,طاقة متجددة,158.7,0.56,مخاطرة عالية
القنيطرة,صناعة هندسية,1096.0,0.47,فرصة واعدة
القنيطرة,طاقة متجددة,115.5,0.4,مخاطرة عالية
القنيطرة,تصنيع غذائي,300.0,0.29,فرصة واعدة
حلب,خدمات تقنية,23.5,0.66,فرصة واعدة
القنيطرة,تصنيع غذائي,48.2,0.61,مخاطرة عالية
إدلب,طاقة متجددة,92.1,0.53,مخاطرة عالية
اللاذقية,تجارة إلكترونية,38.1,0.35,فرصة واعدة
الرقة,زراعة حديثة,62.4,0.2,فرصة واعدة
القنيطرة,تجارة إلكترونية,44.8,0.6,فرصة واعدة
القنيطرة,تجارة إلكترونية,7.4,0.16,مخاطرة عالية
دير الزور,طاقة متجددة,238.8,0.4,فرصة واعدة
طرطوس,تصنيع غذائي,151.4,0.56,فرصة واعدة
درعا,تصنيع غذائي,221.7,0.53,فرصة واعدة
القنيطرة,خدمات تقنية,14.9,0.63,فرصة واعدة
الرقة,طاقة متجددة,430.3,0.53,فرصة واعدة
ريف دمشق,تجارة إلكترونية,44.6,0.25,فرصة واعدة
طرطوس,زراعة حديثة,64.7,0.36,فرصة واعدة
حلب,طاقة متجددة,324.6,0.5,فرصة واعدة
طرطوس,تجارة إلكترونية,21.5,0.49,فرصة واعدة
حمص,زراعة حديثة,47.8,0.55,مخاطرة عالية
درعا,زراعة حديثة,124.5,0.24,فرصة واعدة
ريف دمشق,زراعة حديثة,132.2,0.62,فرصة واعدة
الرقة,خدمات تقنية,23.7,0.23,فرصة واعدة
الرقة,تجارة إلكترونية,22.0,0.55,فرصة واعدة
درعا,زراعة حديثة,72.8,0.31,فرصة واعدة
ريف دمشق,صناعة هندسية,752.0,0.48,فرصة واعدة
إدلب,طاقة متجددة,84.2,0.45,مخاطرة عالية
السويداء,طاقة متجددة,512.3,0.59,فرصة واعدة
ريف دمشق,تجارة إلكترونية,19.3,0.68,استثمار متوسط
القنيطرة,تجارة إلكترونية,20.3,0.17,فرصة واعدة
طرطوس,طاقة متجددة,257.3,0.36,استثمار متوسط
حلب,زراعة حديثة,92.0,0.59,استثمار متوسط
السويداء,تصنيع غذائي,195.8,0.23,فرصة واعدة
دمشق,خدمات تقنية,6.3,0.44,مخاطرة عالية
دير الزور,طاقة متجددة,186.9,0.48,استثمار متوسط
القنيطرة,تجارة إلكترونية,20.4,0.68,فرصة واعدة
درعا,زراعة حديثة,93.6,0.16,فرصة واعدة
القنيطرة,تجارة إلكترونية,33.3,0.57,فرصة واعدة
دمشق,صناعة هندسية,505.1,0.1,فرصة واعدة
حلب,طاقة متجددة,212.3,0.27,استثمار متوسط
الحسكة,تصنيع غذائي,64.8,0.51,مخاطرة عالية
دمشق,تصنيع غذائي,83.2,0.63,مخاطرة عالية
درعا,صناعة هندسية,465.9,0.45,فرصة واعدة
السويداء,تصنيع غذائي,227.3,0.45,فرصة واعدة
طرطوس,تصنيع غذائي,174.0,0.25,فرصة واعدة
إدلب,تصنيع غذائي,227.8,0.69,فرصة واعدة
الرقة,تجارة إلكترونية,27.2,0.18,فرصة واعدة
الرقة,طاقة متجددة,359.3,0.6,فرصة واعدة
حماة,طاقة متجددة,588.6,0.67,فرصة واعدة
درعا,تجارة إلكترونية,42.7,0.48,فرصة واعدة
ريف دمشق,طاقة متجددة,143.1,0.51,مخاطرة عالية
درعا,طاقة متجددة,490.8,0.33,فرصة واعدة
الرقة,صناعة هندسية,879.5,0.46,فرصة واعدة
درعا,تجارة إلكترونية,26.5,0.19,فرصة واعدة
الحسكة,طاقة متجددة,161.5,0.18,استثمار متوسط
حماة,طاقة متجددة,371.5,0.11,فرصة واعدة
دير الزور,خدمات تقنية,8.4,0.37,استثمار متوسط
طرطوس,زراعة حديثة,135.3,0.43,فرصة واعدة
حلب,طاقة متجددة,551.6,0.58,فرصة واعدة
السويداء,زراعة حديثة,129.0,0.45,فرصة واعدة
حلب,صناعة هندسية,726.8,0.28,فرصة واعدة
الرقة,تجارة إلكترونية,22.0,0.66,استثمار متوسط
درعا,تجارة إلكترونية,22.1,0.55,استثمار متوسط
طرطوس,خدمات تقنية,5.0,0.6,مخاطرة عالية
دير الزور,تصنيع غذائي,187.5,0.54,فرصة واعدة
دير الزور,زراعة حديثة,29.3,0.15,مخاطرة عالية
طرطوس,زراعة حديثة,54.5,0.32,فرصة واعدة
ريف دمشق,طاقة متجددة,269.5,0.18,فرصة واعدة
دير الزور,تصنيع غذائي,265.3,0.43,فرصة واعدة
الرقة,خدمات تقنية,10.1,0.16,فرصة واعدة
اللاذقية,طاقة متجددة,383.3,0.14,فرصة واعدة
إدلب,تصنيع غذائي,173.1,0.28,فرصة واعدة
حلب,طاقة متجددة,556.3,0.14,فرصة واعدة
الحسكة,خدمات تقنية,5.0,0.62,مخاطرة عالية
دير الزور,خدمات تقنية,16.3,0.17,فرصة واعدة
إدلب,صناعة هندسية,899.9,0.34,فرصة واعدة
حلب,تجارة إلكترونية,43.0,0.19,فرصة واعدة
اللاذقية,طاقة متجددة,263.7,0.23,فرصة واعدة
حمص,تصنيع غذائي,111.7,0.41,استثمار متوسط
اللاذقية,خدمات تقنية,21.3,0.68,فرصة واعدة
ريف دمشق,زراعة حديثة,134.2,0.28,فرصة واعدة
الحسكة,طاقة متجددة,210.0,0.35,استثمار متوسط
السويداء,تصنيع غذائي,177.5,0.5,فرصة واعدة
طرطوس,زراعة حديثة,144.1,0.66,فرصة واعدة
الرقة,طاقة متجددة,96.6,0.49,مخاطرة عالية
دير الزور,زراعة حديثة,90.2,0.25,فرصة واعدة
القنيطرة,طاقة متجددة,447.3,0.5,فرصة واعدة
طرطوس,خدمات تقنية,16.0,0.46,فرصة واعدة
ريف دمشق,تجارة إلكترونية,32.6,0.68,فرصة واعدة
دير الزور,خدمات تقنية,22.3,0.68,فرصة واعدة
طرطوس,زراعة حديثة,59.0,0.64,استثمار متوسط
اللاذقية,تجارة إلكترونية,10.8,0.63,مخاطرة عالية
القنيطرة,تصنيع غذائي,223.2,0.37,فرصة واعدة
طرطوس,طاقة متجددة,441.8,0.54,فرصة واعدة
حمص,خدمات تقنية,12.4,0.16,فرصة واعدة
الرقة,صناعة هندسية,1026.7,0.41,فرصة واعدة
ريف دمشق,زراعة حديثة,75.0,0.21,فرصة واعدة
القنيطرة,تجارة إلكترونية,38.3,0.35,فرصة واعدة
درعا,تصنيع غذائي,115.1,0.64,استثمار متوسط
القنيطرة,تصنيع غذائي,239.6,0.49,فرصة واعدة
إدلب,زراعة حديثة,130.1,0.11,فرصة واعدة
إدلب,تجارة إلكترونية,40.3,0.48,فرصة واعدة
ريف دمشق,صناعة هندسية,1076.2,0.42,فرصة واعدة
درعا,تصنيع غذائي,254.5,0.27,فرصة واعدة
حلب,خدمات تقنية,15.0,0.56,استثمار متوسط
حماة,خدمات تقنية,6.4,0.48,مخاطرة عالية
القنيطرة,تصنيع غذائي,83.5,0.45,استثمار متوسط
السويداء,تصنيع غذائي,75.7,0.4,مخاطرة عالية
طرطوس,زراعة حديثة,107.6,0.62,فرصة واعدة
حماة,زراعة حديثة,28.3,0.45,مخاطرة عالية
إدلب,تصنيع غذائي,181.9,0.61,فرصة واعدة
طرطوس,زراعة حديثة,52.9,0.1,استثمار متوسط
دير الزور,طاقة متجددة,195.1,0.68,مخاطرة عالية
دير الزور,صناعة هندسية,1065.8,0.61,فرصة واعدة
اللاذقية,تجارة إلكترونية,9.5,0.48,مخاطرة عالية
طرطوس,تجارة إلكترونية,44.4,0.27,فرصة واعدة
إدلب,صناعة هندسية,471.1,0.44,فرصة واعدة
الرقة,طاقة متجددة,468.0,0.26,فرصة واعدة
دير الزور,صناعة هندسية,602.5,0.56,فرصة واعدة
دمشق,طاقة متجددة,485.0,0.36,فرصة واعدة
طرطوس,تجارة إلكترونية,23.5,0.63,فرصة واعدة
حمص,زراعة حديثة,97.9,0.44,فرصة واعدة
اللاذقية,طاقة متجددة,367.6,0.22,فرصة واعدة
اللاذقية,طاقة متجددة,446.4,0.45,فرصة واعدة
القنيطرة,صناعة هندسية,1082.0,0.18,فرصة واعدة
حماة,خدمات تقنية,10.9,0.62,استثمار متوسط
القنيطرة,صناعة هندسية,790.2,0.45,فرصة واعدة
حماة,زراعة حديثة,125.0,0.46,فرصة واعدة
الحسكة,طاقة متجددة,227.0,0.39,فرصة واعدة
إدلب,تصنيع غذائي,163.7,0.61,فرصة واعدة
الحسكة,تجارة إلكترونية,23.8,0.2,فرصة واعدة
حلب,زراعة حديثة,37.0,0.18,مخاطرة عالية
اللاذقية,طاقة متجددة,329.6,0.45,فرصة واعدة
ريف دمشق,طاقة متجددة,324.3,0.17,فرصة واعدة
الرقة,طاقة متجددة,198.3,0.48,استثمار متوسط
ريف دمشق,طاقة متجددة,158.8,0.32,استثمار متوسط
حلب,تجارة إلكترونية,7.9,0.52,مخاطرة عالية
الحسكة,زراعة حديثة,141.2,0.46,فرصة واعدة
ريف دمشق,صناعة هندسية,1091.3,0.17,فرصة واعدة
اللاذقية,تصنيع غذائي,45.3,0.3,مخاطرة عالية
دمشق,خدمات تقنية,13.0,0.3,استثمار متوسط
حمص,طاقة متجددة,363.6,0.6,فرصة واعدة
دير الزور,زراعة حديثة,93.6,0.43,فرصة واعدة
دمشق,تصنيع غذائي,206.9,0.53,فرصة واعدة
حماة,تصنيع غذائي,230.8,0.51,فرصة واعدة
دمشق,زراعة حديثة,98.9,0.45,فرصة واعدة
طرطوس,خدمات تقنية,30.0,0.26,فرصة واعدة
السويداء,خدمات تقنية,8.6,0.4,استثمار متوسط
اللاذقية,تجارة إلكترونية,9.2,0.51,مخاطرة عالية
طرطوس,تجارة إلكترونية,21.1,0.52,فرصة واعدة
الحسكة,خدمات تقنية,7.3,0.28,استثمار متوسط
دير الزور,طاقة متجددة,531.9,0.24,فرصة واعدة
حماة,طاقة متجددة,267.7,0.36,فرصة واعدة
درعا,تصنيع غذائي,228.6,0.41,فرصة واعدة
ريف دمشق,خدمات تقنية,4.7,0.16,مخاطرة عالية
حلب,زراعة حديثة,93.3,0.55,فرصة واعدة
دير الزور,صناعة هندسية,366.1,0.57,مخاطرة عالية
إدلب,طاقة متجددة,506.7,0.65,فرصة واعدة
السويداء,صناعة هندسية,379.9,0.6,مخاطرة عالية
السويداء,تصنيع غذائي,219.6,0.45,فرصة واعدة
ريف دمشق,خدمات تقنية,11.6,0.5,استثمار متوسط
دير الزور,تصنيع غذائي,112.7,0.12,فرصة واعدة
القنيطرة,تجارة إلكترونية,10.0,0.49,مخاطرة عالية
حماة,خدمات تقنية,6.7,0.25,مخاطرة عالية
اللاذقية,طاقة متجددة,395.1,0.1,فرصة واعدة
القنيطرة,زراعة حديثة,119.7,0.62,فرصة واعدة
دمشق,خدمات تقنية,27.6,0.34,فرصة واعدة
اللاذقية,زراعة حديثة,23.9,0.65,مخاطرة عالية
ريف دمشق,تصنيع غذائي,236.5,0.19,فرصة واعدة
الرقة,تجارة إلكترونية,20.2,0.33,فرصة واعدة
إدلب,طاقة متجددة,285.0,0.36,فرصة واعدة
حماة,تجارة إلكترونية,7.1,0.62,مخاطرة عالية
حماة,تجارة إلكترونية,21.6,0.61,فرصة واعدة
إدلب,تصنيع غذائي,240.4,0.69,فرصة واعدة
حمص,تصنيع غذائي,283.5,0.29,فرصة واعدة
إدلب,خدمات تقنية,24.0,0.24,فرصة واعدة
الرقة,تجارة إلكترونية,32.3,0.12,فرصة واعدة
درعا,زراعة حديثة,110.0,0.14,فرصة واعدة
الحسكة,تجارة إلكترونية,37.2,0.21,فرصة واعدة
دمشق,طاقة متجددة,462.8,0.35,فرصة واعدة
دمشق,تصنيع غذائي,297.0,0.6,فرصة واعدة
الرقة,صناعة هندسية,1173.1,0.35,فرصة واعدة
الرقة,طاقة متجددة,253.7,0.68,استثمار متوسط
درعا,تجارة إلكترونية,29.8,0.25,فرصة واعدة
درعا,تصنيع غذائي,43.7,0.35,مخاطرة عالية
دير الزور,تصنيع غذائي,129.9,0.38,فرصة واعدة
القنيطرة,زراعة حديثة,95.1,0.45,فرصة واعدة
القنيطرة,تصنيع غذائي,267.9,0.55,فرصة واعدة
الحسكة,زراعة حديثة,68.9,0.63,استثمار متوسط
القنيطرة,زراعة حديثة,81.2,0.47,فرصة واعدة
حلب,تصنيع غذائي,136.7,0.11,فرصة واعدة
حلب,خدمات تقنية,26.1,0.23,فرصة واعدة
ريف دمشق,خدمات تقنية,29.4,0.18,فرصة واعدة
اللاذقية,تجارة إلكترونية,27.4,0.58,فرصة واعدة
إدلب,تجارة إلكترونية,17.8,0.51,استثمار متوسط
حمص,تجارة إلكترونية,8.9,0.4,مخاطرة عالية
حلب,طاقة متجددة,497.8,0.13,فرصة واعدة
حماة,صناعة هندسية,254.2,0.61,مخاطرة عالية
القنيطرة,تصنيع غذائي,282.5,0.35,فرصة واعدة
حمص,خدمات تقنية,20.8,0.68,فرصة واعدة
درعا,طاقة متجددة,253.2,0.6,استثمار متوسط
اللاذقية,صناعة هندسية,214.8,0.52,مخاطرة عالية
إدلب,صناعة هندسية,1000.9,0.19,فرصة واعدة
حمص,تجارة إلكترونية,11.1,0.66,مخاطرة عالية
دمشق,تجارة إلكترونية,44.1,0.63,فرصة واعدة
دمشق,تجارة إلكترونية,22.6,0.16,فرصة واعدة
درعا,تجارة إلكترونية,18.5,0.21,فرصة واعدة
حمص,خدمات تقنية,29.7,0.55,فرصة واعدة
طرطوس,تصنيع غذائي,144.1,0.37,فرصة واعدة
ريف دمشق,طاقة متجددة,481.6,0.26,فرصة واعدة
دير الزور,تجارة إلكترونية,35.5,0.68,فرصة واعدة
ريف دمشق,زراعة حديثة,54.5,0.57,استثمار متوسط
درعا,تجارة إلكترونية,40.1,0.54,فرصة واعدة
درعا,تجارة إلكترونية,38.4,0.7,فرصة واعدة
إدلب,خدمات تقنية,10.5,0.26,استثمار متوسط
دمشق,صناعة هندسية,892.6,0.17,فرصة واعدة
إدلب,صناعة هندسية,294.1,0.35,مخاطرة عالية
إدلب,طاقة متجددة,259.5,0.67,استثمار متوسط
حلب,تجارة إلكترونية,37.4,0.23,فرصة واعدة
حماة,تجارة إلكترونية,22.1,0.21,فرصة واعدة
طرطوس,طاقة متجددة,278.8,0.51,استثمار متوسط
دمشق,تصنيع غذائي,227.9,0.46,فرصة واعدة
إدلب,تصنيع غذائي,193.9,0.46,فرصة واعدة
درعا,زراعة حديثة,129.6,0.5,فرصة واعدة
السويداء,طاقة متجددة,232.8,0.66,استثمار متوسط
درعا,زراعة حديثة,146.9,0.59,فرصة واعدة
دير الزور,تصنيع غذائي,86.9,0.37,استثمار متوسط
الحسكة,تصنيع غذائي,90.8,0.28,استثمار متوسط
السويداء,طاقة متجددة,525.9,0.34,فرصة واعدة
القنيطرة,طاقة متجددة,351.3,0.59,فرصة واعدة
حماة,صناعة هندسية,431.3,0.35,استثمار متوسط
حماة,طاقة متجددة,563.8,0.25,فرصة واعدة
حمص,تصنيع غذائي,164.5,0.62,فرصة واعدة
طرطوس,طاقة متجددة,478.5,0.18,فرصة واعدة
الرقة,زراعة حديثة,101.7,0.52,فرصة واعدة
حماة,تصنيع غذائي,268.5,0.59,فرصة واعدة
درعا,زراعة حديثة,131.4,0.38,فرصة واعدة
إدلب,زراعة حديثة,96.2,0.2,فرصة واعدة
الرقة,تجارة إلكترونية,14.8,0.37,استثمار متوسط
القنيطرة,تصنيع غذائي,167.0,0.67,فرصة واعدة
القنيطرة,تصنيع غذائي,298.4,0.42,فرصة واعدة
حمص,زراعة حديثة,120.2,0.28,فرصة واعدة
دير الزور,تصنيع غذائي,121.9,0.4,استثمار متوسط
دمشق,صناعة هندسية,730.9,0.5,فرصة واعدة
حمص,زراعة حديثة,56.3,0.14,فرصة واعدة
إدلب,طاقة متجددة,398.2,0.66,فرصة واعدة
حمص,طاقة متجددة,551.4,0.62,فرصة واعدة
حمص,خدمات تقنية,12.0,0.66,استثمار متوسط
السويداء,زراعة حديثة,101.4,0.31,فرصة واعدة
الرقة,صناعة هندسية,705.2,0.4,فرصة واعدة
دير الزور,زراعة حديثة,109.5,0.54,فرصة واعدة
حلب,صناعة هندسية,1027.0,0.68,فرصة واعدة
حلب,خدمات تقنية,16.2,0.26,فرصة واعدة
طرطوس,طاقة متجددة,124.5,0.25,استثمار متوسط
الحسكة,زراعة حديثة,21.2,0.55,مخاطرة عالية
السويداء,صناعة هندسية,1194.3,0.67,فرصة واعدة
اللاذقية,صناعة هندسية,362.6,0.48,مخاطرة عالية
إدلب,طاقة متجددة,92.9,0.45,مخاطرة عالية
حمص,تصنيع غذائي,199.0,0.29,فرصة واعدة
القنيطرة,صناعة هندسية,521.1,0.16,فرصة واعدة
اللاذقية,تجارة إلكترونية,8.4,0.12,مخاطرة عالية
الحسكة,طاقة متجددة,247.4,0.46,استثمار متوسط
حمص,خدمات تقنية,20.4,0.34,فرصة واعدة
طرطوس,تجارة إلكترونية,21.1,0.62,استثمار متوسط
إدلب,خدمات تقنية,18.2,0.32,فرصة واعدة
الحسكة,خدمات تقنية,24.0,0.51,فرصة واعدة
القنيطرة,خدمات تقنية,22.8,0.13,فرصة واعدة
اللاذقية,خدمات تقنية,11.4,0.52,استثمار متوسط
اللاذقية,تصنيع غذائي,109.3,0.59,استثمار متوسط
إدلب,طاقة متجددة,543.4,0.28,فرصة واعدة
الحسكة,صناعة هندسية,1118.0,0.46,فرصة واعدة
الرقة,صناعة هندسية,213.8,0.52,مخاطرة عالية
الرقة,زراعة حديثة,136.5,0.14,فرصة واعدة
حماة,صناعة هندسية,1079.9,0.25,فرصة واعدة
القنيطرة,طاقة متجددة,370.8,0.41,فرصة واعدة
القنيطرة,تجارة إلكترونية,7.7,0.43,مخاطرة عالية
دير الزور,صناعة هندسية,199.1,0.53,مخاطرة عالية
طرطوس,تجارة إلكترونية,29.8,0.43,فرصة واعدة
طرطوس,صناعة هندسية,594.6,0.44,فرصة واعدة
دير الزور,تجارة إلكترونية,44.7,0.44,فرصة واعدة
السويداء,خدمات تقنية,26.2,0.63,فرصة واعدة
إدلب,تصنيع غذائي,192.8,0.35,فرصة واعدة
الرقة,طاقة متجددة,242.7,0.41,استثمار متوسط
حلب,تجارة إلكترونية,27.1,0.27,فرصة واعدة
حمص,خدمات تقنية,10.1,0.56,استثمار متوسط
حمص,خدمات تقنية,18.6,0.63,فرصة واعدة
الرقة,زراعة حديثة,118.4,0.13,فرصة واعدة
الحسكة,تصنيع غذائي,70.8,0.29,استثمار متوسط
دير الزور,خدمات تقنية,16.8,0.62,فرصة واعدة
حمص,زراعة حديثة,23.3,0.22,مخاطرة عالية
دمشق,تجارة إلكترونية,29.3,0.67,فرصة واعدة
إدلب,طاقة متجددة,579.9,0.13,فرصة واعدة
اللاذقية,تجارة إلكترونية,14.7,0.65,استثمار متوسط
الحسكة,تصنيع غذائي,199.2,0.43,فرصة واعدة
حماة,زراعة حديثة,84.1,0.48,فرصة واعدة
درعا,تجارة إلكترونية,42.0,0.58,فرصة واعدة
ريف دمشق,تجارة إلكترونية,39.7,0.13,فرصة واعدة
حمص,تصنيع غذائي,81.5,0.4,استثمار متوسط
حمص,خدمات تقنية,7.2,0.14,استثمار متوسط
حمص,زراعة حديثة,125.4,0.22,فرصة واعدة
درعا,تصنيع غذائي,45.7,0.17,مخاطرة عالية
القنيطرة,تجارة إلكترونية,32.0,0.11,فرصة واعدة
الرقة,خدمات تقنية,22.2,0.43,فرصة واعدة
طرطوس,زراعة حديثة,140.0,0.13,فرصة واعدة
حماة,تجارة إلكترونية,9.6,0.67,مخاطرة عالية
الحسكة,خدمات تقنية,15.4,0.3,فرصة واعدة
إدلب,خدمات تقنية,29.9,0.27,فرصة واعدة
درعا,زراعة حديثة,41.1,0.45,مخاطرة عالية
السويداء,زراعة حديثة,82.8,0.43,فرصة واعدة
الرقة,تجارة إلكترونية,25.1,0.19,فرصة واعدة
حلب,تجارة إلكترونية,32.5,0.44,فرصة واعدة
السويداء,تجارة إلكترونية,10.7,0.28,استثمار متوسط
ريف دمشق,تجارة إلكترونية,10.6,0.46,استثمار متوسط
الحسكة,تجارة إلكترونية,14.5,0.5,استثمار متوسط
درعا,تصنيع غذائي,271.3,0.61,فرصة واعدة
درعا,تصنيع غذائي,204.5,0.44,فرصة واعدة
حمص,خدمات تقنية,21.2,0.51,فرصة واعدة
حمص,طاقة متجددة,403.7,0.15,فرصة واعدة
دير الزور,تصنيع غذائي,292.5,0.27,فرصة واعدة
اللاذقية,طاقة متجددة,498.6,0.61,فرصة واعدة
السويداء,تجارة إلكترونية,9.8,0.31,مخاطرة عالية
حمص,صناعة هندسية,987.3,0.32,فرصة واعدة
طرطوس,تصنيع غذائي,171.4,0.15,فرصة واعدة
السويداء,تصنيع غذائي,105.8,0.48,استثمار متوسط
دير الزور,خدمات تقنية,26.1,0.32,فرصة واعدة
الرقة,خدمات تقنية,24.5,0.44,فرصة واعدة
ريف دمشق,خدمات تقنية,29.7,0.6,فرصة واعدة
حماة,زراعة حديثة,48.3,0.68,استثمار متوسط
إدلب,طاقة متجددة,509.7,0.28,فرصة واعدة
دمشق,زراعة حديثة,126.2,0.11,فرصة واعدة
درعا,زراعة حديثة,140.1,0.25,فرصة واعدة
القنيطرة,زراعة حديثة,104.9,0.47,فرصة واعدة
طرطوس,صناعة هندسية,601.8,0.44,فرصة واعدة
القنيطرة,صناعة هندسية,1185.9,0.54,فرصة واعدة
حمص,زراعة حديثة,148.6,0.52,فرصة واعدة
الرقة,تصنيع غذائي,288.7,0.58,فرصة واعدة
دمشق,طاقة متجددة,104.3,0.26,مخاطرة عالية
الرقة,زراعة حديثة,53.0,0.58,استثمار متوسط
الحسكة,زراعة حديثة,23.2,0.47,مخاطرة عالية
القنيطرة,تجارة إلكترونية,11.0,0.65,مخاطرة عالية
القنيطرة,زراعة حديثة,103.2,0.43,فرصة واعدة
طرطوس,صناعة هندسية,669.4,0.42,فرصة واعدة
ريف دمشق,زراعة حديثة,81.9,0.44,فرصة واعدة
دير الزور,طاقة متجددة,590.8,0.67,فرصة واعدة
دمشق,تجارة إلكترونية,12.1,0.47,مخاطرة عالية
طرطوس,تجارة إلكترونية,44.2,0.6,فرصة واعدة
دير الزور,زراعة حديثة,121.3,0.19,فرصة واعدة
درعا,زراعة حديثة,136.8,0.64,فرصة واعدة
ريف دمشق,صناعة هندسية,287.4,0.25,مخاطرة عالية
اللاذقية,زراعة حديثة,45.9,0.18,استثمار متوسط
طرطوس,طاقة متجددة,441.6,0.17,فرصة واعدة
السويداء,خدمات تقنية,25.9,0.31,فرصة واعدة
دمشق,زراعة حديثة,87.9,0.37,فرصة واعدة
القنيطرة,زراعة حديثة,99.9,0.32,فرصة واعدة
اللاذقية,خدمات تقنية,15.3,0.68,فرصة واعدة
حمص,طاقة متجددة,479.0,0.62,فرصة واعدة
دمشق,طاقة متجددة,285.9,0.67,استثمار متوسط
حماة,تجارة إلكترونية,29.7,0.43,فرصة واعدة
ريف دمشق,تجارة إلكترونية,7.2,0.63,مخاطرة عالية
دير الزور,خدمات تقنية,23.3,0.44,فرصة واعدة
الحسكة,طاقة متجددة,492.1,0.22,فرصة واعدة
حمص,خدمات تقنية,10.3,0.23,استثمار متوسط
السويداء,تجارة إلكترونية,38.4,0.48,فرصة واعدة
السويداء,طاقة متجددة,114.4,0.53,مخاطرة عالية
حمص,خدمات تقنية,15.8,0.47,فرصة واعدة
ريف دمشق,تجارة إلكترونية,43.1,0.51,فرصة واعدة
الرقة,تجارة إلكترونية,11.4,0.34,استثمار متوسط
دمشق,تصنيع غذائي,209.7,0.64,فرصة واعدة
ريف دمشق,زراعة حديثة,126.1,0.14,فرصة واعدة
درعا,زراعة حديثة,132.8,0.6,فرصة واعدة
دير الزور,زراعة حديثة,72.1,0.56,فرصة واعدة
القنيطرة,طاقة متجددة,156.8,0.69,مخاطرة عالية
القنيطرة,صناعة هندسية,540.7,0.39,فرصة واعدة
ريف دمشق,طاقة متجددة,428.3,0.48,فرصة واعدة
دمشق,خدمات تقنية,5.0,0.43,مخاطرة عالية
الرقة,زراعة حديثة,78.3,0.51,فرصة واعدة
القنيطرة,تصنيع غذائي,230.4,0.13,فرصة واعدة
إدلب,تصنيع غذائي,47.3,0.27,استثمار متوسط
دير الزور,زراعة حديثة,94.5,0.41,فرصة واعدة
حلب,خدمات تقنية,25.3,0.12,فرصة واعدة
اللاذقية,صناعة هندسية,435.0,0.65,استثمار متوسط
طرطوس,طاقة متجددة,513.5,0.5,فرصة واعدة
السويداء,طاقة متجددة,317.2,0.61,فرصة واعدة
حلب,تجارة إلكترونية,28.4,0.42,فرصة واعدة
الرقة,خدمات تقنية,23.2,0.49,فرصة واعدة
ريف دمشق,تصنيع غذائي,92.4,0.46,استثمار متوسط
دمشق,زراعة حديثة,136.3,0.67,فرصة واعدة
دمشق,زراعة حديثة,105.7,0.11,فرصة واعدة
دير الزور,تجارة إلكترونية,33.4,0.51,فرصة واعدة
طرطوس,زراعة حديثة,95.4,0.33,فرصة واعدة
حمص,خدمات تقنية,15.9,0.5,فرصة واعدة
اللاذقية,صناعة هندسية,161.5,0.25,مخاطرة عالية
القنيطرة,صناعة هندسية,839.5,0.62,فرصة واعدة
القنيطرة,تصنيع غذائي,236.3,0.54,فرصة واعدة
الحسكة,تجارة إلكترونية,26.1,0.69,فرصة واعدة
الحسكة,زراعة حديثة,85.4,0.2,فرصة واعدة
الرقة,تجارة إلكترونية,18.3,0.29,فرصة واعدة
طرطوس,صناعة هندسية,922.9,0.45,فرصة واعدة
دمشق,خدمات تقنية,12.1,0.13,فرصة واعدة
اللاذقية,تجارة إلكترونية,19.3,0.28,فرصة واعدة
دمشق,خدمات تقنية,17.2,0.24,فرصة واعدة
حلب,زراعة حديثة,72.4,0.27,فرصة واعدة
اللاذقية,تصنيع غذائي,83.6,0.58,مخاطرة عالية
الرقة,خدمات تقنية,24.1,0.21,فرصة واعدة
طرطوس,صناعة هندسية,428.5,0.58,استثمار متوسط
القنيطرة,تجارة إلكترونية,20.7,0.22,فرصة واعدة
ريف دمشق,زراعة حديثة,20.4,0.68,مخاطرة عالية
الحسكة,صناعة هندسية,1043.6,0.53,فرصة واعدة
القنيطرة,زراعة حديثة,28.5,0.36,مخاطرة عالية
السويداء,تصنيع غذائي,295.3,0.3,فرصة واعدة
ريف دمشق,تجارة إلكترونية,44.8,0.27,فرصة واعدة
إدلب,طاقة متجددة,177.6,0.66,مخاطرة عالية
دير الزور,خدمات تقنية,4.8,0.18,مخاطرة عالية
حلب,صناعة هندسية,677.6,0.65,فرصة واعدة
الرقة,زراعة حديثة,80.7,0.17,فرصة واعدة
الحسكة,تصنيع غذائي,117.3,0.48,استثمار متوسط
الحسكة,تصنيع غذائي,136.6,0.34,فرصة واعدة
الحسكة,تجارة إلكترونية,31.3,0.25,فرصة واعدة
الرقة,طاقة متجددة,313.5,0.43,فرصة واعدة
حماة,طاقة متجددة,488.1,0.68,فرصة واعدة
الحسكة,صناعة هندسية,183.9,0.22,مخاطرة عالية
دير الزور,تجارة إلكترونية,35.9,0.29,فرصة واعدة
الحسكة,خدمات تقنية,15.9,0.56,فرصة واعدة
ريف دمشق,طاقة متجددة,475.6,0.48,فرصة واعدة
حماة,تصنيع غذائي,278.6,0.1,فرصة واعدة
اللاذقية,خدمات تقنية,26.4,0.4,فرصة واعدة
ريف دمشق,تصنيع غذائي,245.8,0.16,فرصة واعدة
دمشق,تجارة إلكترونية,27.3,0.22,فرصة واعدة
إدلب,صناعة هندسية,566.1,0.44,فرصة واعدة
دمشق,زراعة حديثة,131.7,0.15,فرصة واعدة
طرطوس,تصنيع غذائي,284.4,0.54,فرصة واعدة
الرقة,طاقة متجددة,149.1,0.65,مخاطرة عالية
دمشق,طاقة متجددة,528.8,0.34,فرصة واعدة
السويداء,خدمات تقنية,12.6,0.49,استثمار متوسط
القنيطرة,خدمات تقنية,12.6,0.66,استثمار متوسط
طرطوس,تجارة إلكترونية,37.8,0.38,فرصة واعدة
حمص,صناعة هندسية,420.7,0.11,فرصة واعدة
طرطوس,صناعة هندسية,885.2,0.3,فرصة واعدة
إدلب,تجارة إلكترونية,42.7,0.19,فرصة واعدة
السويداء,تصنيع غذائي,199.5,0.25,فرصة واعدة
حماة,صناعة هندسية,1143.3,0.63,فرصة واعدة
درعا,خدمات تقنية,21.1,0.36,فرصة واعدة
دمشق,صناعة هندسية,1007.7,0.14,فرصة واعدة
درعا,طاقة متجددة,397.6,0.26,فرصة واعدة
دمشق,تجارة إلكترونية,40.8,0.23,فرصة واعدة
طرطوس,تجارة إلكترونية,23.6,0.23,فرصة واعدة
دمشق,تصنيع غذائي,219.3,0.19,فرصة واعدة
حمص,صناعة هندسية,1155.7,0.63,فرصة واعدة
دمشق,تجارة إلكترونية,34.7,0.59,فرصة واعدة
حمص,طاقة متجددة,239.6,0.3,فرصة واعدة
دير الزور,زراعة حديثة,141.8,0.39,فرصة واعدة
إدلب,زراعة حديثة,59.0,0.66,استثمار متوسط
السويداء,طاقة متجددة,271.0,0.31,فرصة واعدة
دمشق,طاقة متجددة,97.8,0.48,مخاطرة عالية
طرطوس,تصنيع غذائي,236.8,0.67,فرصة واعدة
دمشق,تجارة إلكترونية,29.7,0.39,فرصة واعدة
السويداء,خدمات تقنية,19.8,0.3,فرصة واعدة
ريف دمشق,صناعة هندسية,453.3,0.32,استثمار متوسط
الحسكة,خدمات تقنية,15.8,0.13,فرصة واعدة
السويداء,طاقة متجددة,210.3,0.46,استثمار متوسط
القنيطرة,زراعة حديثة,113.9,0.38,فرصة واعدة
طرطوس,زراعة حديثة,79.4,0.17,فرصة واعدة
دير الزور,خدمات تقنية,24.0,0.24,فرصة واعدة
حمص,زراعة حديثة,44.4,0.62,استثمار متوسط
الرقة,طاقة متجددة,434.0,0.54,فرصة واعدة
القنيطرة,زراعة حديثة,72.6,0.38,فرصة واعدة
اللاذقية,زراعة حديثة,59.4,0.3,فرصة واعدة
درعا,طاقة متجددة,292.7,0.54,فرصة واعدة
الرقة,صناعة هندسية,707.4,0.61,فرصة واعدة
الحسكة,خدمات تقنية,10.1,0.26,استثمار متوسط
دمشق,خدمات تقنية,15.2,0.36,استثمار متوسط
الرقة,صناعة هندسية,483.7,0.19,فرصة واعدة
ريف دمشق,صناعة هندسية,846.0,0.21,فرصة واعدة
حمص,خدمات تقنية,25.1,0.48,فرصة واعدة
دمشق,زراعة حديثة,80.2,0.22,فرصة واعدة
دمشق,صناعة هندسية,205.1,0.13,مخاطرة عالية
القنيطرة,صناعة هندسية,1149.9,0.18,فرصة واعدة
دمشق,زراعة حديثة,42.4,0.37,استثمار متوسط
طرطوس,تصنيع غذائي,294.2,0.63,فرصة واعدة
السويداء,زراعة حديثة,38.0,0.6,مخاطرة عالية
حلب,خدمات تقنية,5.7,0.35,مخاطرة عالية
درعا,طاقة متجددة,373.3,0.16,فرصة واعدة
دير الزور,زراعة حديثة,91.4,0.68,فرصة واعدة
طرطوس,خدمات تقنية,29.0,0.14,فرصة واعدة
حماة,زراعة حديثة,40.7,0.37,مخاطرة عالية
السويداء,تجارة إلكترونية,40.4,0.36,فرصة واعدة
حلب,صناعة هندسية,674.0,0.39,فرصة واعدة
الرقة,خدمات تقنية,24.8,0.7,فرصة واعدة
درعا,طاقة متجددة,497.4,0.38,فرصة واعدة
إدلب,صناعة هندسية,907.6,0.44,فرصة واعدة
الرقة,خدمات تقنية,25.5,0.49,فرصة واعدة
طرطوس,صناعة هندسية,939.9,0.35,فرصة واعدة
حمص,طاقة متجددة,360.9,0.35,فرصة واعدة
السويداء,صناعة هندسية,741.5,0.33,فرصة واعدة
السويداء,طاقة متجددة,453.6,0.63,فرصة واعدة
إدلب,تجارة إلكترونية,21.4,0.59,فرصة واعدة
طرطوس,زراعة حديثة,131.8,0.25,فرصة واعدة
حمص,خدمات تقنية,22.8,0.17,فرصة واعدة
حمص,تصنيع غذائي,77.0,0.11,استثمار متوسط
دمشق,خدمات تقنية,17.0,0.44,استثمار متوسط
ريف دمشق,تصنيع غذائي,148.0,0.14,فرصة واعدة
حلب,صناعة هندسية,723.7,0.42,فرصة واعدة
ريف دمشق,صناعة هندسية,697.8,0.26,فرصة واعدة
القنيطرة,تجارة إلكترونية,27.0,0.27,فرصة واعدة
دمشق,تصنيع غذائي,131.5,0.25,استثمار متوسط
طرطوس,تجارة إلكترونية,12.3,0.32,استثمار متوسط
ريف دمشق,طاقة متجددة,505.5,0.11,فرصة واعدة
إدلب,صناعة هندسية,1108.4,0.65,فرصة واعدة
القنيطرة,زراعة حديثة,64.9,0.51,فرصة واعدة
إدلب,طاقة متجددة,128.2,0.23,مخاطرة عالية
حمص,خدمات تقنية,13.8,0.67,فرصة واعدة
اللاذقية,صناعة هندسية,1133.0,0.6,فرصة واعدة
القنيطرة,تجارة إلكترونية,10.1,0.19,استثمار متوسط
إدلب,تصنيع غذائي,92.8,0.49,استثمار متوسط
اللاذقية,صناعة هندسية,253.8,0.62,مخاطرة عالية
دير الزور,طاقة متجددة,235.1,0.48,استثمار متوسط
درعا,زراعة حديثة,25.8,0.53,مخاطرة عالية
الحسكة,خدمات تقنية,16.5,0.33,فرصة واعدة
دمشق,تصنيع غذائي,207.2,0.17,فرصة واعدة
ريف دمشق,تجارة إلكترونية,34.8,0.46,فرصة واعدة
حلب,طاقة متجددة,483.0,0.7,فرصة واعدة
دمشق,خدمات تقنية,7.6,0.55,مخاطرة عالية
درعا,خدمات تقنية,16.1,0.31,فرصة واعدة
إدلب,صناعة هندسية,737.9,0.18,فرصة واعدة
الحسكة,تصنيع غذائي,164.8,0.69,فرصة واعدة
اللاذقية,زراعة حديثة,63.7,0.28,فرصة واعدة
إدلب,صناعة هندسية,998.9,0.19,فرصة واعدة
ريف دمشق,تصنيع غذائي,258.0,0.31,فرصة واعدة
الحسكة,تجارة إلكترونية,30.4,0.26,فرصة واعدة
دمشق,صناعة هندسية,733.2,0.41,فرصة واعدة
درعا,خدمات تقنية,20.7,0.41,فرصة واعدة
دمشق,صناعة هندسية,402.0,0.27,استثمار متوسط
حمص,تصنيع غذائي,48.8,0.36,مخاطرة عالية
دير الزور,طاقة متجددة,377.7,0.68,فرصة واعدة
الحسكة,خدمات تقنية,5.7,0.34,مخاطرة عالية
حلب,تجارة إلكترونية,20.6,0.26,استثمار متوسط
دمشق,خدمات تقنية,8.5,0.68,مخاطرة عالية
الحسكة,صناعة هندسية,785.1,0.56,فرصة واعدة
الحسكة,صناعة هندسية,711.7,0.47,فرصة واعدة
طرطوس,تصنيع غذائي,94.4,0.31,استثمار متوسط
إدلب,تجارة إلكترونية,29.5,0.21,فرصة واعدة
اللاذقية,تجارة إلكترونية,30.5,0.43,فرصة واعدة
الرقة,صناعة هندسية,1092.9,0.27,فرصة واعدة
دمشق,طاقة متجددة,438.8,0.26,فرصة واعدة
الرقة,صناعة هندسية,548.9,0.23,فرصة واعدة
الرقة,صناعة هندسية,1133.3,0.58,فرصة واعدة
الحسكة,تجارة إلكترونية,20.6,0.16,فرصة واعدة
إدلب,تجارة إلكترونية,15.2,0.61,استثمار متوسط
حلب,زراعة حديثة,64.4,0.52,مخاطرة عالية
الحسكة,صناعة هندسية,1007.7,0.56,فرصة واعدة
طرطوس,خدمات تقنية,23.0,0.56,فرصة واعدة
حلب,صناعة هندسية,369.3,0.15,استثمار متوسط
درعا,طاقة متجددة,171.5,0.61,مخاطرة عالية
حلب,خدمات تقنية,14.9,0.25,فرصة واعدة
حماة,طاقة متجددة,480.3,0.62,فرصة واعدة
ريف دمشق,طاقة متجددة,219.9,0.38,فرصة واعدة
القنيطرة,تجارة إلكترونية,44.6,0.33,فرصة واعدة
دير الزور,تجارة إلكترونية,20.4,0.37,فرصة واعدة
القنيطرة,خدمات تقنية,9.4,0.54,استثمار متوسط
حماة,تجارة إلكترونية,6.4,0.29,مخاطرة عالية
حماة,خدمات تقنية,9.3,0.33,استثمار متوسط
الرقة,تصنيع غذائي,90.6,0.68,استثمار متوسط
ريف دمشق,تصنيع غذائي,131.0,0.46,فرصة واعدة
الرقة,خدمات تقنية,16.8,0.64,فرصة واعدة
الحسكة,طاقة متجددة,507.1,0.52,فرصة واعدة
دير الزور,خدمات تقنية,5.6,0.61,مخاطرة عالية
إدلب,طاقة متجددة,372.2,0.65,فرصة واعدة
اللاذقية,زراعة حديثة,54.6,0.38,استثمار متوسط
اللاذقية,تصنيع غذائي,139.8,0.67,فرصة واعدة
حماة,طاقة متجددة,274.3,0.32,فرصة واعدة
حماة,خدمات تقنية,10.6,0.6,استثمار متوسط
طرطوس,تصنيع غذائي,103.8,0.6,استثمار متوسط
اللاذقية,صناعة هندسية,325.4,0.55,استثمار متوسط
السويداء,تصنيع غذائي,79.3,0.56,استثمار متوسط
دير الزور,طاقة متجددة,412.6,0.17,فرصة واعدة
الرقة,صناعة هندسية,579.8,0.55,فرصة واعدة
حمص,تجارة إلكترونية,37.5,0.35,فرصة واعدة
ريف دمشق,صناعة هندسية,420.4,0.58,استثمار متوسط
اللاذقية,زراعة حديثة,149.0,0.54,فرصة واعدة
طرطوس,تصنيع غذائي,264.0,0.16,فرصة واعدة
القنيطرة,صناعة هندسية,1051.4,0.33,فرصة واعدة
حماة,طاقة متجددة,414.8,0.49,فرصة واعدة
درعا,تصنيع غذائي,113.0,0.53,استثمار متوسط
درعا,زراعة حديثة,87.1,0.13,فرصة واعدة
اللاذقية,خدمات تقنية,20.7,0.59,فرصة واعدة
حماة,صناعة هندسية,252.9,0.22,استثمار متوسط
درعا,تجارة إلكترونية,43.1,0.48,فرصة واعدة
اللاذقية,تجارة إلكترونية,21.2,0.35,فرصة واعدة
حمص,صناعة هندسية,678.2,0.5,فرصة واعدة
القنيطرة,خدمات تقنية,14.6,0.5,فرصة واعدة
ريف دمشق,صناعة هندسية,579.9,0.33,فرصة واعدة
دمشق,زراعة حديثة,120.5,0.45,فرصة واعدة
حمص,تصنيع غذائي,58.6,0.1,مخاطرة عالية
اللاذقية,تجارة إلكترونية,18.5,0.47,استثمار متوسط
درعا,تجارة إلكترونية,29.2,0.38,فرصة واعدة
حماة,خدمات تقنية,10.8,0.23,فرصة واعدة
اللاذقية,صناعة هندسية,597.9,0.11,فرصة واعدة
الرقة,طاقة متجددة,260.7,0.29,فرصة واعدة
السويداء,تصنيع غذائي,276.8,0.51,فرصة واعدة
درعا,تجارة إلكترونية,37.9,0.25,فرصة واعدة
الرقة,خدمات تقنية,11.0,0.66,استثمار متوسط
حمص,خدمات تقنية,11.7,0.15,فرصة واعدة
السويداء,زراعة حديثة,67.0,0.59,استثمار متوسط
ريف دمشق,صناعة هندسية,209.9,0.59,مخاطرة عالية
حلب,طاقة متجددة,292.0,0.41,استثمار متوسط
اللاذقية,تصنيع غذائي,92.2,0.46,مخاطرة عالية
اللاذقية,زراعة حديثة,125.1,0.13,فرصة واعدة
السويداء,خدمات تقنية,26.4,0.35,فرصة واعدة
ريف دمشق,خدمات تقنية,15.5,0.62,فرصة واعدة
السويداء,زراعة حديثة,142.9,0.69,فرصة واعدة
اللاذقية,طاقة متجددة,87.4,0.19,مخاطرة عالية
حمص,زراعة حديثة,22.5,0.43,مخاطرة عالية
حماة,تصنيع غذائي,174.1,0.51,فرصة واعدة
ريف دمشق,خدمات تقنية,9.5,0.46,مخاطرة عالية
حمص,طاقة متجددة,464.6,0.41,فرصة واعدة
دير الزور,صناعة هندسية,1111.6,0.11,فرصة واعدة
ريف دمشق,صناعة هندسية,840.7,0.2,فرصة واعدة
دمشق,تجارة إلكترونية,24.8,0.17,فرصة واعدة
القنيطرة,تصنيع غذائي,205.4,0.11,فرصة واعدة
دير الزور,طاقة متجددة,475.0,0.33,فرصة واعدة
الرقة,زراعة حديثة,78.0,0.45,فرصة واعدة
حمص,تصنيع غذائي,217.6,0.6,فرصة واعدة
القنيطرة,تجارة إلكترونية,16.0,0.49,استثمار متوسط
طرطوس,تصنيع غذائي,118.1,0.13,فرصة واعدة
اللاذقية,خدمات تقنية,5.9,0.24,مخاطرة عالية
طرطوس,طاقة متجددة,595.7,0.57,فرصة واعدة
القنيطرة,صناعة هندسية,347.0,0.68,استثمار متوسط
إدلب,تجارة إلكترونية,18.6,0.37,استثمار متوسط
اللاذقية,تصنيع غذائي,53.8,0.51,مخاطرة عالية
ريف دمشق,طاقة متجددة,134.4,0.29,استثمار متوسط
حلب,صناعة هندسية,591.7,0.53,استثمار متوسط
حلب,طاقة متجددة,512.6,0.23,فرصة واعدة
السويداء,خدمات تقنية,6.0,0.44,مخاطرة عالية
ريف دمشق,خدمات تقنية,23.4,0.14,فرصة واعدة
حمص,تصنيع غذائي,251.7,0.65,فرصة واعدة
دمشق,طاقة متجددة,127.3,0.39,مخاطرة عالية
إدلب,صناعة هندسية,586.0,0.35,فرصة واعدة
السويداء,خدمات تقنية,13.7,0.22,فرصة واعدة
السويداء,زراعة حديثة,48.8,0.51,استثمار متوسط
اللاذقية,تصنيع غذائي,142.8,0.32,فرصة واعدة
حمص,صناعة هندسية,888.2,0.48,فرصة واعدة
إدلب,زراعة حديثة,112.0,0.58,فرصة واعدة
الرقة,تجارة إلكترونية,36.2,0.55,فرصة واعدة
السويداء,تصنيع غذائي,270.2,0.52,فرصة واعدة
الحسكة,تصنيع غذائي,120.1,0.35,فرصة واعدة
دير الزور,صناعة هندسية,854.7,0.38,فرصة واعدة
درعا,خدمات تقنية,11.2,0.26,فرصة واعدة
ريف دمشق,تجارة إلكترونية,24.8,0.21,فرصة واعدة
دير الزور,زراعة حديثة,23.1,0.49,مخاطرة عالية
دير الزور,تصنيع غذائي,241.9,0.35,فرصة واعدة
إدلب,تجارة إلكترونية,9.8,0.51,مخاطرة عالية
الرقة,صناعة هندسية,976.6,0.13,فرصة واعدة
اللاذقية,خدمات تقنية,17.0,0.34,فرصة واعدة
دمشق,صناعة هندسية,1161.3,0.38,فرصة واعدة
درعا,خدمات تقنية,7.6,0.12,استثمار متوسط
حمص,صناعة هندسية,408.7,0.66,استثمار متوسط
إدلب,طاقة متجددة,88.7,0.24,مخاطرة عالية
الرقة,خدمات تقنية,29.5,0.7,فرصة واعدة
درعا,صناعة هندسية,660.1,0.5,فرصة واعدة
طرطوس,تجارة إلكترونية,15.0,0.4,استثمار متوسط
إدلب,تجارة إلكترونية,35.8,0.64,فرصة واعدة
دير الزور,صناعة هندسية,1122.1,0.48,فرصة واعدة
حماة,خدمات تقنية,23.8,0.3,فرصة واعدة
اللاذقية,تجارة إلكترونية,17.1,0.56,استثمار متوسط
حمص,زراعة حديثة,40.8,0.18,استثمار متوسط
حماة,صناعة هندسية,1140.7,0.34,فرصة واعدة
الحسكة,خدمات تقنية,18.9,0.31,فرصة واعدة
اللاذقية,زراعة حديثة,38.7,0.25,استثمار متوسط
إدلب,تصنيع غذائي,51.8,0.54,مخاطرة عالية
الرقة,صناعة هندسية,1163.3,0.17,فرصة واعدة
الحسكة,طاقة متجددة,439.3,0.56,فرصة واعدة
القنيطرة,زراعة حديثة,39.9,0.69,مخاطرة عالية
الحسكة,خدمات تقنية,20.1,0.23,فرصة واعدة
القنيطرة,صناعة هندسية,824.5,0.54,فرصة واعدة
القنيطرة,تصنيع غذائي,81.4,0.62,مخاطرة عالية
حماة,طاقة متجددة,592.4,0.17,فرصة واعدة
دمشق,طاقة متجددة,327.6,0.36,فرصة واعدة
حلب,تجارة إلكترونية,16.6,0.14,فرصة واعدة
طرطوس,طاقة متجددة,548.3,0.55,فرصة واعدة
دير الزور,صناعة هندسية,285.0,0.65,مخاطرة عالية
الحسكة,تجارة إلكترونية,43.1,0.37,فرصة واعدة
درعا,طاقة متجددة,426.4,0.62,فرصة واعدة
ريف دمشق,صناعة هندسية,502.8,0.13,فرصة واعدة
حماة,زراعة حديثة,104.4,0.61,فرصة واعدة
الحسكة,تجارة إلكترونية,7.0,0.5,مخاطرة عالية
الحسكة,صناعة هندسية,556.2,0.68,فرصة واعدة
اللاذقية,زراعة حديثة,120.2,0.67,فرصة واعدة
حماة,خدمات تقنية,23.8,0.15,فرصة واعدة
الرقة,تجارة إلكترونية,29.4,0.6,فرصة واعدة
دير الزور,زراعة حديثة,61.7,0.6,استثمار متوسط
ريف دمشق,صناعة هندسية,197.9,0.43,مخاطرة عالية
السويداء,طاقة متجددة,585.8,0.38,فرصة واعدة
الحسكة,طاقة متجددة,199.0,0.11,استثمار متوسط
إدلب,صناعة هندسية,682.3,0.23,فرصة واعدة
الحسكة,صناعة هندسية,759.7,0.36,فرصة واعدة
حلب,خدمات تقنية,26.8,0.2,فرصة واعدة
الرقة,صناعة هندسية,368.9,0.61,مخاطرة عالية
حماة,صناعة هندسية,1187.5,0.59,فرصة واعدة
دير الزور,زراعة حديثة,121.2,0.51,فرصة واعدة
ريف دمشق,خدمات تقنية,12.3,0.65,استثمار متوسط
حمص,زراعة حديثة,28.7,0.67,مخاطرة عالية
حلب,صناعة هندسية,248.1,0.23,استثمار متوسط
درعا,زراعة حديثة,127.1,0.66,فرصة واعدة
الرقة,زراعة حديثة,104.4,0.53,فرصة واعدة
حلب,تصنيع غذائي,144.1,0.62,استثمار متوسط
القنيطرة,خدمات تقنية,23.1,0.53,فرصة واعدة
ريف دمشق,تصنيع غذائي,270.2,0.33,فرصة واعدة
السويداء,صناعة هندسية,405.5,0.46,استثمار متوسط
درعا,صناعة هندسية,243.3,0.63,مخاطرة عالية
درعا,خدمات تقنية,22.9,0.28,فرصة واعدة
دير الزور,طاقة متجددة,533.9,0.69,فرصة واعدة
حماة,زراعة حديثة,73.8,0.28,فرصة واعدة
إدلب,طاقة متجددة,521.9,0.22,فرصة واعدة
اللاذقية,طاقة متجددة,556.1,0.69,فرصة واعدة
ريف دمشق,صناعة هندسية,215.6,0.64,مخاطرة عالية
حلب,صناعة هندسية,420.8,0.51,مخاطرة عالية
حمص,زراعة حديثة,111.5,0.15,فرصة واعدة
إدلب,تجارة إلكترونية,10.8,0.66,مخاطرة عالية
إدلب,صناعة هندسية,1054.6,0.25,فرصة واعدة
دير الزور,زراعة حديثة,91.5,0.26,فرصة واعدة
إدلب,صناعة هندسية,289.1,0.56,مخاطرة عالية
ريف دمشق,طاقة متجددة,242.4,0.59,فرصة واعدة
دمشق,طاقة متجددة,152.9,0.29,استثمار متوسط
حماة,خدمات تقنية,20.2,0.64,فرصة واعدة
حمص,طاقة متجددة,91.1,0.68,مخاطرة عالية
اللاذقية,خدمات تقنية,25.7,0.43,فرصة واعدة
إدلب,خدمات تقنية,23.1,0.37,فرصة واعدة
دير الزور,تجارة إلكترونية,21.9,0.29,فرصة واعدة
الرقة,صناعة هندسية,580.6,0.1,فرصة واعدة
دير الزور,طاقة متجددة,252.0,0.11,فرصة واعدة
حمص,خدمات تقنية,7.5,0.39,مخاطرة عالية
دمشق,صناعة هندسية,748.7,0.68,استثمار متوسط
دمشق,تجارة إلكترونية,33.6,0.35,فرصة واعدة
طرطوس,صناعة هندسية,989.6,0.36,فرصة واعدة
الرقة,تصنيع غذائي,100.2,0.34,استثمار متوسط
السويداء,خدمات تقنية,19.5,0.35,فرصة واعدة
الحسكة,تصنيع غذائي,183.8,0.6,فرصة واعدة
الحسكة,صناعة هندسية,969.5,0.68,فرصة واعدة
الرقة,طاقة متجددة,570.6,0.6,فرصة واعدة
طرطوس,تجارة إلكترونية,9.7,0.57,مخاطرة عالية
اللاذقية,تجارة إلكترونية,11.9,0.61,مخاطرة عالية
طرطوس,زراعة حديثة,21.8,0.39,مخاطرة عالية
دير الزور,زراعة حديثة,80.0,0.42,فرصة واعدة
إدلب,تصنيع غذائي,188.8,0.64,فرصة واعدة
حمص,تصنيع غذائي,161.9,0.17,فرصة واعدة
القنيطرة,تجارة إلكترونية,27.9,0.19,فرصة واعدة
دمشق,طاقة متجددة,209.5,0.51,مخاطرة عالية
حماة,زراعة حديثة,22.5,0.69,مخاطرة عالية
الرقة,صناعة هندسية,995.2,0.22,فرصة واعدة
السويداء,تصنيع غذائي,49.8,0.66,مخاطرة عالية
ريف دمشق,صناعة هندسية,1118.6,0.55,فرصة واعدة
السويداء,تجارة إلكترونية,36.0,0.39,فرصة واعدة
ريف دمشق,زراعة حديثة,63.6,0.65,استثمار متوسط
دمشق,طاقة متجددة,519.5,0.37,فرصة واعدة
اللاذقية,تصنيع غذائي,142.3,0.26,فرصة واعدة
اللاذقية,تصنيع غذائي,209.5,0.31,فرصة واعدة
درعا,زراعة حديثة,118.2,0.25,فرصة واعدة
اللاذقية,خدمات تقنية,22.7,0.15,فرصة واعدة
اللاذقية,زراعة حديثة,70.4,0.45,فرصة واعدة
الرقة,صناعة هندسية,418.1,0.7,مخاطرة عالية
الحسكة,خدمات تقنية,7.2,0.11,استثمار متوسط
حماة,زراعة حديثة,26.8,0.12,استثمار متوسط
طرطوس,تجارة إلكترونية,29.8,0.3,فرصة واعدة
القنيطرة,زراعة حديثة,24.6,0.64,مخاطرة عالية
درعا,طاقة متجددة,593.8,0.45,فرصة واعدة
حمص,خدمات تقنية,21.1,0.69,فرصة واعدة
الرقة,طاقة متجددة,315.7,0.65,فرصة واعدة
حمص,تجارة إلكترونية,14.8,0.31,استثمار متوسط
إدلب,طاقة متجددة,179.8,0.34,استثمار متوسط
القنيطرة,تجارة إلكترونية,26.2,0.37,فرصة واعدة
الرقة,صناعة هندسية,858.9,0.47,فرصة واعدة
حمص,طاقة متجددة,136.7,0.54,مخاطرة عالية
القنيطرة,زراعة حديثة,102.4,0.58,فرصة واعدة
دير الزور,تصنيع غذائي,152.6,0.1,فرصة واعدة
درعا,زراعة حديثة,107.5,0.14,فرصة واعدة
السويداء,تصنيع غذائي,288.8,0.15,فرصة واعدة
حماة,تجارة إلكترونية,39.3,0.68,فرصة واعدة
الحسكة,خدمات تقنية,26.9,0.44,فرصة واعدة
الرقة,تجارة إلكترونية,12.3,0.57,استثمار متوسط
حمص,تجارة إلكترونية,38.3,0.37,فرصة واعدة
درعا,طاقة متجددة,420.1,0.58,فرصة واعدة
حماة,زراعة حديثة,56.3,0.47,استثمار متوسط
دمشق,زراعة حديثة,123.6,0.27,فرصة واعدة
طرطوس,طاقة متجددة,126.6,0.41,مخاطرة عالية
حماة,زراعة حديثة,61.7,0.47,فرصة واعدة
درعا,طاقة متجددة,476.3,0.14,فرصة واعدة
السويداء,صناعة هندسية,1099.4,0.66,فرصة واعدة
إدلب,طاقة متجددة,371.2,0.38,فرصة واعدة
حماة,تجارة إلكترونية,22.1,0.49,فرصة واعدة
حمص,طاقة متجددة,411.2,0.31,فرصة واعدة
دمشق,طاقة متجددة,430.5,0.48,فرصة واعدة
طرطوس,خدمات تقنية,21.8,0.45,فرصة واعدة
درعا,صناعة هندسية,559.2,0.69,استثمار متوسط
اللاذقية,طاقة متجددة,475.3,0.3,فرصة واعدة
اللاذقية,زراعة حديثة,141.6,0.46,فرصة واعدة
الحسكة,زراعة حديثة,22.7,0.41,مخاطرة عالية
ريف دمشق,خدمات تقنية,21.3,0.42,فرصة واعدة
ريف دمشق,صناعة هندسية,726.9,0.68,فرصة واعدة
حمص,طاقة متجددة,398.6,0.6,فرصة واعدة
الرقة,تصنيع غذائي,66.6,0.62,مخاطرة عالية
دير الزور,خدمات تقنية,27.2,0.32,فرصة واعدة
حمص,خدمات تقنية,9.4,0.59,استثمار متوسط
الحسكة,زراعة حديثة,61.9,0.64,فرصة واعدة
دير الزور,تجارة إلكترونية,18.5,0.5,استثمار متوسط
ريف دمشق,خدمات تقنية,21.3,0.38,فرصة واعدة
ريف دمشق,زراعة حديثة,119.1,0.31,فرصة واعدة
درعا,زراعة حديثة,66.9,0.17,فرصة واعدة
درعا,تجارة إلكترونية,19.4,0.12,فرصة واعدة
حلب,تصنيع غذائي,177.0,0.18,فرصة واعدة
الرقة,زراعة حديثة,52.6,0.44,استثمار متوسط
حلب,تجارة إلكترونية,24.3,0.45,استثمار متوسط
ريف دمشق,صناعة هندسية,688.5,0.51,فرصة واعدة
طرطوس,تجارة إلكترونية,22.9,0.1,فرصة واعدة
حماة,تجارة إلكترونية,10.2,0.53,مخاطرة عالية
دير الزور,خدمات تقنية,21.2,0.56,فرصة واعدة
الرقة,تصنيع غذائي,272.8,0.19,فرصة واعدة
حماة,خدمات تقنية,8.1,0.57,استثمار متوسط
حماة,تجارة إلكترونية,20.4,0.31,فرصة واعدة
القنيطرة,زراعة حديثة,33.2,0.17,استثمار متوسط
حلب,صناعة هندسية,625.1,0.7,استثمار متوسط
حمص,خدمات تقنية,13.2,0.12,فرصة واعدة
درعا,صناعة هندسية,674.4,0.54,فرصة واعدة
دير الزور,طاقة متجددة,372.8,0.44,فرصة واعدة
إدلب,طاقة متجددة,382.7,0.55,فرصة واعدة
حماة,تصنيع غذائي,173.2,0.53,فرصة واعدة
اللاذقية,خدمات تقنية,24.5,0.14,فرصة واعدة
دير الزور,طاقة متجددة,396.9,0.33,فرصة واعدة
طرطوس,صناعة هندسية,795.8,0.67,فرصة واعدة
درعا,صناعة هندسية,1148.6,0.58,فرصة واعدة
دير الزور,زراعة حديثة,106.0,0.28,فرصة واعدة
الحسكة,خدمات تقنية,12.3,0.42,استثمار متوسط
دير الزور,صناعة هندسية,160.8,0.18,مخاطرة عالية
الرقة,صناعة هندسية,712.2,0.43,فرصة واعدة
اللاذقية,خدمات تقنية,18.3,0.3,فرصة واعدة
إدلب,زراعة حديثة,113.6,0.38,فرصة واعدة
حماة,تجارة إلكترونية,16.6,0.47,استثمار متوسط
اللاذقية,طاقة متجددة,551.1,0.15,فرصة واعدة
القنيطرة,طاقة متجددة,177.7,0.51,استثمار متوسط
ريف دمشق,طاقة متجددة,484.4,0.63,فرصة واعدة
درعا,خدمات تقنية,7.1,0.29,مخاطرة عالية
الرقة,طاقة متجددة,500.6,0.24,فرصة واعدة
طرطوس,صناعة هندسية,1177.5,0.16,فرصة واعدة
الرقة,زراعة حديثة,139.4,0.31,فرصة واعدة
درعا,تجارة إلكترونية,39.9,0.31,فرصة واعدة
دمشق,زراعة حديثة,39.7,0.51,مخاطرة عالية
دير الزور,تجارة إلكترونية,22.1,0.46,فرصة واعدة
حماة,خدمات تقنية,21.6,0.55,فرصة واعدة
درعا,طاقة متجددة,118.4,0.5,مخاطرة عالية
درعا,صناعة هندسية,205.8,0.17,استثمار متوسط
دمشق,تجارة إلكترونية,36.0,0.37,فرصة واعدة
حلب,صناعة هندسية,1108.2,0.36,فرصة واعدة
حماة,خدمات تقنية,11.9,0.35,استثمار متوسط
الحسكة,تصنيع غذائي,49.2,0.6,مخاطرة عالية
اللاذقية,زراعة حديثة,113.9,0.6,فرصة واعدة
طرطوس,زراعة حديثة,117.0,0.46,فرصة واعدة
دمشق,زراعة حديثة,77.4,0.18,فرصة واعدة
حمص,تصنيع غذائي,117.6,0.35,استثمار متوسط
الرقة,تصنيع غذائي,87.3,0.51,استثمار متوسط
اللاذقية,تصنيع غذائي,126.7,0.44,استثمار متوسط
طرطوس,طاقة متجددة,261.1,0.58,فرصة واعدة
درعا,زراعة حديثة,22.8,0.29,مخاطرة عالية
حماة,تجارة إلكترونية,22.6,0.17,فرصة واعدة
حمص,زراعة حديثة,102.3,0.64,فرصة واعدة
الرقة,صناعة هندسية,1113.0,0.49,فرصة واعدة
دير الزور,زراعة حديثة,66.2,0.2,فرصة واعدة
درعا,خدمات تقنية,29.0,0.19,فرصة واعدة
اللاذقية,خدمات تقنية,23.8,0.1,فرصة واعدة
القنيطرة,تجارة إلكترونية,11.4,0.59,استثمار متوسط
إدلب,صناعة هندسية,692.5,0.32,فرصة واعدة
ريف دمشق,تجارة إلكترونية,21.4,0.27,فرصة واعدة
ريف دمشق,خدمات تقنية,29.0,0.42,فرصة واعدة
حلب,صناعة هندسية,908.0,0.46,فرصة واعدة
الحسكة,تصنيع غذائي,212.9,0.13,فرصة واعدة
الحسكة,طاقة متجددة,102.3,0.12,استثمار متوسط
دير الزور,زراعة حديثة,100.3,0.15,فرصة واعدة
طرطوس,خدمات تقنية,14.1,0.32,فرصة واعدة
حمص,طاقة متجددة,339.5,0.23,فرصة واعدة
دير الزور,تجارة إلكترونية,31.8,0.58,فرصة واعدة
الحسكة,خدمات تقنية,20.1,0.36,فرصة واعدة
القنيطرة,صناعة هندسية,963.6,0.66,فرصة واعدة
الرقة,تجارة إلكترونية,22.9,0.63,فرصة واعدة
اللاذقية,صناعة هندسية,703.9,0.33,فرصة واعدة
دير الزور,طاقة متجددة,436.7,0.58,فرصة واعدة
السويداء,طاقة متجددة,583.4,0.45,فرصة واعدة
حلب,تصنيع غذائي,198.1,0.66,استثمار متوسط
إدلب,زراعة حديثة,100.3,0.29,فرصة واعدة
اللاذقية,صناعة هندسية,1167.1,0.45,فرصة واعدة
دير الزور,طاقة متجددة,411.7,0.6,فرصة واعدة
درعا,تجارة إلكترونية,29.1,0.69,فرصة واعدة
طرطوس,تصنيع غذائي,204.8,0.59,فرصة واعدة
إدلب,زراعة حديثة,120.4,0.14,فرصة واعدة
اللاذقية,طاقة متجددة,256.6,0.68,استثمار متوسط
دمشق,طاقة متجددة,440.6,0.5,فرصة واعدة
درعا,تصنيع غذائي,173.7,0.12,فرصة واعدة
طرطوس,زراعة حديثة,76.4,0.51,فرصة واعدة
الحسكة,تجارة إلكترونية,41.2,0.65,فرصة واعدة
حماة,تصنيع غذائي,43.3,0.38,مخاطرة عالية
الحسكة,تجارة إلكترونية,38.4,0.58,فرصة واعدة
حماة,طاقة متجددة,457.4,0.64,فرصة واعدة
القنيطرة,تصنيع غذائي,59.3,0.14,مخاطرة عالية
إدلب,تصنيع غذائي,272.6,0.67,فرصة واعدة
اللاذقية,تجارة إلكترونية,44.3,0.4,فرصة واعدة
طرطوس,تجارة إلكترونية,31.8,0.46,فرصة واعدة
دير الزور,تجارة إلكترونية,42.4,0.56,فرصة واعدة
السويداء,خدمات تقنية,19.1,0.33,فرصة واعدة
ريف دمشق,تجارة إلكترونية,33.7,0.42,فرصة واعدة
القنيطرة,تجارة إلكترونية,29.8,0.41,فرصة واعدة
الرقة,صناعة هندسية,510.0,0.67,استثمار متوسط
دير الزور,زراعة حديثة,61.5,0.27,استثمار متوسط
اللاذقية,تجارة إلكترونية,7.3,0.25,مخاطرة عالية
حماة,صناعة هندسية,1167.9,0.19,فرصة واعدة
درعا,صناعة هندسية,223.1,0.11,استثمار متوسط
اللاذقية,صناعة هندسية,886.9,0.4,فرصة واعدة
دير الزور,طاقة متجددة,505.6,0.52,فرصة واعدة
دير الزور,صناعة هندسية,903.8,0.59,فرصة واعدة
حماة,تجارة إلكترونية,21.1,0.31,فرصة واعدة
حماة,زراعة حديثة,133.2,0.32,فرصة واعدة
درعا,زراعة حديثة,97.5,0.37,فرصة واعدة
دير الزور,تجارة إلكترونية,38.8,0.39,فرصة واعدة
السويداء,صناعة هندسية,862.2,0.29,فرصة واعدة
ريف دمشق,تصنيع غذائي,196.0,0.57,فرصة واعدة
إدلب,طاقة متجددة,497.4,0.29,فرصة واعدة
درعا,زراعة حديثة,104.5,0.58,فرصة واعدة
درعا,خدمات تقنية,15.9,0.42,فرصة واعدة
حلب,طاقة متجددة,379.7,0.48,فرصة واعدة
الحسكة,صناعة هندسية,205.2,0.33,مخاطرة عالية
طرطوس,خدمات تقنية,26.7,0.2,فرصة واعدة
حمص,خدمات تقنية,8.6,0.5,استثمار متوسط
دير الزور,تجارة إلكترونية,15.3,0.62,استثمار متوسط
السويداء,زراعة حديثة,88.2,0.48,فرصة واعدة
القنيطرة,زراعة حديثة,102.6,0.21,فرصة واعدة
السويداء,زراعة حديثة,77.9,0.66,فرصة واعدة
اللاذقية,تجارة إلكترونية,14.7,0.38,استثمار متوسط
إدلب,طاقة متجددة,200.7,0.63,استثمار متوسط
إدلب,زراعة حديثة,101.1,0.43,فرصة واعدة
دمشق,زراعة حديثة,137.9,0.65,فرصة واعدة
اللاذقية,طاقة متجددة,570.0,0.53,فرصة واعدة
حلب,تصنيع غذائي,233.9,0.11,فرصة واعدة
حمص,خدمات تقنية,18.7,0.57,فرصة واعدة
حماة,خدمات تقنية,23.6,0.43,فرصة واعدة
دمشق,خدمات تقنية,4.1,0.24,مخاطرة عالية
طرطوس,طاقة متجددة,576.8,0.52,فرصة واعدة
اللاذقية,تصنيع غذائي,139.1,0.4,فرصة واعدة
القنيطرة,تجارة إلكترونية,23.0,0.15,فرصة واعدة
حمص,خدمات تقنية,21.0,0.17,فرصة واعدة
درعا,تصنيع غذائي,90.4,0.34,استثمار متوسط
حماة,زراعة حديثة,21.7,0.47,مخاطرة عالية
حمص,زراعة حديثة,56.6,0.45,فرصة واعدة
ريف دمشق,خدمات تقنية,16.4,0.24,فرصة واعدة
الرقة,تصنيع غذائي,248.8,0.27,فرصة واعدة
ريف دمشق,تصنيع غذائي,159.8,0.46,فرصة واعدة
حلب,زراعة حديثة,95.9,0.23,فرصة واعدة
درعا,تجارة إلكترونية,7.5,0.58,مخاطرة عالية
حمص,تصنيع غذائي,91.6,0.51,مخاطرة عالية
دمشق,زراعة حديثة,77.3,0.21,فرصة واعدة
ريف دمشق,تصنيع غذائي,41.2,0.15,مخاطرة عالية
القنيطرة,تصنيع غذائي,40.3,0.53,مخاطرة عالية
اللاذقية,زراعة حديثة,84.4,0.11,فرصة واعدة
إدلب,طاقة متجددة,588.0,0.58,فرصة واعدة
إدلب,طاقة متجددة,327.0,0.43,فرصة واعدة
اللاذقية,زراعة حديثة,131.8,0.34,فرصة واعدة
طرطوس,صناعة هندسية,985.9,0.63,فرصة واعدة
الحسكة,تصنيع غذائي,154.7,0.16,فرصة واعدة
طرطوس,تجارة إلكترونية,29.8,0.24,فرصة واعدة
دمشق,تصنيع غذائي,154.1,0.34,استثمار متوسط
دمشق,تجارة إلكترونية,12.2,0.13,استثمار متوسط
الحسكة,تجارة إلكترونية,16.7,0.61,استثمار متوسط
السويداء,خدمات تقنية,19.4,0.21,فرصة واعدة
حلب,طاقة متجددة,138.9,0.18,استثمار متوسط
اللاذقية,زراعة حديثة,78.8,0.11,فرصة واعدة
حماة,زراعة حديثة,137.3,0.49,فرصة واعدة
القنيطرة,زراعة حديثة,77.2,0.11,فرصة واعدة
دمشق,زراعة حديثة,144.1,0.47,فرصة واعدة
الحسكة,زراعة حديثة,70.7,0.11,فرصة واعدة
اللاذقية,طاقة متجددة,402.5,0.18,فرصة واعدة
السويداء,زراعة حديثة,52.2,0.34,استثمار متوسط
الحسكة,تجارة إلكترونية,32.1,0.27,فرصة واعدة
اللاذقية,خدمات تقنية,14.0,0.24,فرصة واعدة
إدلب,تصنيع غذائي,120.4,0.37,فرصة واعدة
طرطوس,خدمات تقنية,26.4,0.22,فرصة واعدة
الحسكة,طاقة متجددة,407.8,0.15,فرصة واعدة
السويداء,طاقة متجددة,295.2,0.13,فرصة واعدة
درعا,تصنيع غذائي,266.8,0.43,فرصة واعدة
الرقة,تصنيع غذائي,48.5,0.6,مخاطرة عالية
درعا,تصنيع غذائي,296.9,0.56,فرصة واعدة
حمص,تصنيع غذائي,225.0,0.35,فرصة واعدة
اللاذقية,زراعة حديثة,77.5,0.69,فرصة واعدة
طرطوس,تجارة إلكترونية,38.1,0.38,فرصة واعدة
إدلب,طاقة متجددة,334.3,0.2,فرصة واعدة
دمشق,تجارة إلكترونية,22.8,0.14,فرصة واعدة
الحسكة,طاقة متجددة,266.7,0.15,فرصة واعدة
إدلب,تصنيع غذائي,193.2,0.38,فرصة واعدة
الحسكة,زراعة حديثة,58.7,0.24,فرصة واعدة
حمص,طاقة متجددة,281.3,0.52,فرصة واعدة
ريف دمشق,صناعة هندسية,699.8,0.36,فرصة واعدة
القنيطرة,خدمات تقنية,7.7,0.56,مخاطرة عالية
حلب,صناعة هندسية,675.6,0.21,فرصة واعدة
اللاذقية,زراعة حديثة,149.7,0.33,فرصة واعدة
الرقة,طاقة متجددة,574.9,0.68,فرصة واعدة
السويداء,تصنيع غذائي,260.4,0.4,فرصة واعدة
الحسكة,تجارة إلكترونية,31.2,0.37,فرصة واعدة
اللاذقية,تصنيع غذائي,163.3,0.48,فرصة واعدة
السويداء,صناعة هندسية,318.0,0.39,استثمار متوسط
دير الزور,تصنيع غذائي,268.4,0.57,فرصة واعدة
دمشق,تجارة إلكترونية,28.4,0.59,استثمار متوسط
القنيطرة,طاقة متجددة,316.2,0.54,فرصة واعدة
الحسكة,زراعة حديثة,70.6,0.16,فرصة واعدة
دمشق,خدمات تقنية,12.9,0.63,استثمار متوسط
دير الزور,خدمات تقنية,20.8,0.45,فرصة واعدة
حلب,زراعة حديثة,87.9,0.46,فرصة واعدة
إدلب,زراعة حديثة,68.1,0.2,فرصة واعدة
حماة,صناعة هندسية,811.1,0.14,فرصة واعدة
حمص,تصنيع غذائي,78.0,0.22,استثمار متوسط
حماة,طاقة متجددة,523.3,0.17,فرصة واعدة
ريف دمشق,تجارة إلكترونية,20.1,0.29,فرصة واعدة
الحسكة,صناعة هندسية,944.1,0.57,فرصة واعدة
السويداء,تصنيع غذائي,182.4,0.51,فرصة واعدة
الرقة,تجارة إلكترونية,17.9,0.32,فرصة واعدة
حماة,خدمات تقنية,29.7,0.42,فرصة واعدة
الرقة,صناعة هندسية,509.7,0.6,فرصة واعدة
الرقة,زراعة حديثة,81.6,0.7,فرصة واعدة
الحسكة,صناعة هندسية,373.9,0.22,استثمار متوسط
دير الزور,تصنيع غذائي,263.6,0.21,فرصة واعدة
درعا,زراعة حديثة,135.3,0.15,فرصة واعدة
الحسكة,زراعة حديثة,132.0,0.68,فرصة واعدة
القنيطرة,تجارة إلكترونية,43.1,0.35,فرصة واعدة
حلب,صناعة هندسية,288.6,0.18,مخاطرة عالية
دمشق,صناعة هندسية,596.8,0.29,استثمار متوسط
حماة,تصنيع غذائي,131.6,0.38,فرصة واعدة
ريف دمشق,تصنيع غذائي,134.9,0.62,فرصة واعدة
الرقة,صناعة هندسية,884.1,0.44,فرصة واعدة
دمشق,طاقة متجددة,551.2,0.32,فرصة واعدة
اللاذقية,تجارة إلكترونية,15.9,0.66,استثمار متوسط
السويداء,صناعة هندسية,840.2,0.15,فرصة واعدة
طرطوس,تصنيع غذائي,58.0,0.49,مخاطرة عالية
السويداء,صناعة هندسية,573.0,0.57,فرصة واعدة
اللاذقية,تجارة إلكترونية,37.5,0.34,فرصة واعدة
إدلب,زراعة حديثة,75.0,0.48,فرصة واعدة
ريف دمشق,خدمات تقنية,19.7,0.42,فرصة واعدة
اللاذقية,زراعة حديثة,113.8,0.13,فرصة واعدة
السويداء,خدمات تقنية,27.9,0.35,فرصة واعدة
القنيطرة,صناعة هندسية,862.0,0.21,فرصة واعدة
الحسكة,زراعة حديثة,107.9,0.41,فرصة واعدة
دمشق,خدمات تقنية,7.8,0.27,مخاطرة عالية
الحسكة,تصنيع غذائي,108.5,0.55,استثمار متوسط
دير الزور,تصنيع غذائي,272.5,0.26,فرصة واعدة
حلب,خدمات تقنية,5.7,0.42,مخاطرة عالية
الحسكة,تجارة إلكترونية,11.3,0.33,مخاطرة عالية
إدلب,خدمات تقنية,25.3,0.55,فرصة واعدة
القنيطرة,زراعة حديثة,104.2,0.13,فرصة واعدة
اللاذقية,تجارة إلكترونية,36.3,0.48,فرصة واعدة
حلب,تصنيع غذائي,111.7,0.16,استثمار متوسط
حماة,تجارة إلكترونية,41.1,0.51,فرصة واعدة
حماة,زراعة حديثة,88.3,0.25,فرصة واعدة
إدلب,صناعة هندسية,1144.2,0.65,فرصة واعدة
دير الزور,طاقة متجددة,425.9,0.44,فرصة واعدة
دمشق,طاقة متجددة,529.3,0.11,فرصة واعدة
طرطوس,زراعة حديثة,140.4,0.36,فرصة واعدة
دير الزور,خدمات تقنية,15.8,0.47,فرصة واعدة
دمشق,طاقة متجددة,437.5,0.18,فرصة واعدة
السويداء,صناعة هندسية,1079.0,0.18,فرصة واعدة
ريف دمشق,تجارة إلكترونية,18.4,0.5,استثمار متوسط
الرقة,زراعة حديثة,40.4,0.45,استثمار متوسط
